b_date;b_team_home;b_team_away;b_tournament_group;b_tournament_name1;b_tournament_country;b_tournament_phase1
"2014-06-12";"BRA";"HRV";"A";"WM 2014";"Brasilien";"Endrunde"
"2014-06-13";"MEX";"CMR";"A";"WM 2014";"Brasilien";"Endrunde"
"2014-06-17";"BRA";"MEX";"A";"WM 2014";"Brasilien";"Endrunde"
"2014-06-18";"CMR";"HRV";"A";"WM 2014";"Brasilien";"Endrunde"
"2014-06-23";"CMR";"BRA";"A";"WM 2014";"Brasilien";"Endrunde"
"2014-06-23";"HRV";"MEX";"A";"WM 2014";"Brasilien";"Endrunde"
"2014-06-13";"ESP";"NLD";"B";"WM 2014";"Brasilien";"Endrunde"
"2014-06-13";"CHL";"AUS";"B";"WM 2014";"Brasilien";"Endrunde"
"2014-06-18";"AUS";"NLD";"B";"WM 2014";"Brasilien";"Endrunde"
"2014-06-18";"ESP";"CHL";"B";"WM 2014";"Brasilien";"Endrunde"
"2014-06-23";"AUS";"ESP";"B";"WM 2014";"Brasilien";"Endrunde"
"2014-06-23";"NLD";"CHL";"B";"WM 2014";"Brasilien";"Endrunde"
"2014-06-14";"COL";"GRC";"C";"WM 2014";"Brasilien";"Endrunde"
"2014-06-14";"CIV";"JPN";"C";"WM 2014";"Brasilien";"Endrunde"
"2014-06-19";"COL";"CIV";"C";"WM 2014";"Brasilien";"Endrunde"
"2014-06-19";"JPN";"GRC";"C";"WM 2014";"Brasilien";"Endrunde"
"2014-06-24";"JPN";"COL";"C";"WM 2014";"Brasilien";"Endrunde"
"2014-06-24";"GRC";"CIV";"C";"WM 2014";"Brasilien";"Endrunde"
"2014-06-14";"URY";"CRI";"D";"WM 2014";"Brasilien";"Endrunde"
"2014-06-14";"ENG";"ITA";"D";"WM 2014";"Brasilien";"Endrunde"
"2014-06-19";"URY";"ENG";"D";"WM 2014";"Brasilien";"Endrunde"
"2014-06-20";"ITA";"CRI";"D";"WM 2014";"Brasilien";"Endrunde"
"2014-06-24";"ITA";"URY";"D";"WM 2014";"Brasilien";"Endrunde"
"2014-06-24";"CRI";"ENG";"D";"WM 2014";"Brasilien";"Endrunde"
"2014-06-15";"CHE";"ECU";"E";"WM 2014";"Brasilien";"Endrunde"
"2014-06-15";"FRA";"HND";"E";"WM 2014";"Brasilien";"Endrunde"
"2014-06-20";"CHE";"FRA";"E";"WM 2014";"Brasilien";"Endrunde"
"2014-06-20";"HND";"ECU";"E";"WM 2014";"Brasilien";"Endrunde"
"2014-06-25";"HND";"CHE";"E";"WM 2014";"Brasilien";"Endrunde"
"2014-06-25";"ECU";"FRA";"E";"WM 2014";"Brasilien";"Endrunde"
"2014-06-15";"ARG";"BIH";"F";"WM 2014";"Brasilien";"Endrunde"
"2014-06-16";"IRN";"NGA";"F";"WM 2014";"Brasilien";"Endrunde"
"2014-06-21";"ARG";"IRN";"F";"WM 2014";"Brasilien";"Endrunde"
"2014-06-21";"NGA";"BIH";"F";"WM 2014";"Brasilien";"Endrunde"
"2014-06-25";"NGA";"ARG";"F";"WM 2014";"Brasilien";"Endrunde"
"2014-06-25";"BIH";"IRN";"F";"WM 2014";"Brasilien";"Endrunde"
"2014-06-16";"DEU";"PRT";"G";"WM 2014";"Brasilien";"Endrunde"
"2014-06-16";"GHA";"USA";"G";"WM 2014";"Brasilien";"Endrunde"
"2014-06-21";"DEU";"GHA";"G";"WM 2014";"Brasilien";"Endrunde"
"2014-06-22";"USA";"PRT";"G";"WM 2014";"Brasilien";"Endrunde"
"2014-06-26";"USA";"DEU";"G";"WM 2014";"Brasilien";"Endrunde"
"2014-06-26";"PRT";"GHA";"G";"WM 2014";"Brasilien";"Endrunde"
"2014-06-17";"BEL";"DZA";"H";"WM 2014";"Brasilien";"Endrunde"
"2014-06-17";"RUS";"KOR";"H";"WM 2014";"Brasilien";"Endrunde"
"2014-06-22";"BEL";"RUS";"H";"WM 2014";"Brasilien";"Endrunde"
"2014-06-22";"KOR";"DZA";"H";"WM 2014";"Brasilien";"Endrunde"
"2014-06-26";"KOR";"BEL";"H";"WM 2014";"Brasilien";"Endrunde"
"2014-06-26";"DZA";"RUS";"H";"WM 2014";"Brasilien";"Endrunde"
"2014-07-13";"ARG";"ARG";NA;"WM 2014";"Brasilien";"Endrunde"
"2014-07-13";"AUS";"ARG";NA;"WM 2014";"Brasilien";"Endrunde"
"2014-07-13";"BEL";"ARG";NA;"WM 2014";"Brasilien";"Endrunde"
"2014-07-13";"BIH";"ARG";NA;"WM 2014";"Brasilien";"Endrunde"
"2014-07-13";"BRA";"ARG";NA;"WM 2014";"Brasilien";"Endrunde"
"2014-07-13";"CHE";"ARG";NA;"WM 2014";"Brasilien";"Endrunde"
"2014-07-13";"CHL";"ARG";NA;"WM 2014";"Brasilien";"Endrunde"
"2014-07-13";"CIV";"ARG";NA;"WM 2014";"Brasilien";"Endrunde"
"2014-07-13";"CMR";"ARG";NA;"WM 2014";"Brasilien";"Endrunde"
"2014-07-13";"COL";"ARG";NA;"WM 2014";"Brasilien";"Endrunde"
"2014-07-13";"CRI";"ARG";NA;"WM 2014";"Brasilien";"Endrunde"
"2014-07-13";"DEU";"ARG";NA;"WM 2014";"Brasilien";"Endrunde"
"2014-07-13";"DZA";"ARG";NA;"WM 2014";"Brasilien";"Endrunde"
"2014-07-13";"ECU";"ARG";NA;"WM 2014";"Brasilien";"Endrunde"
"2014-07-13";"ENG";"ARG";NA;"WM 2014";"Brasilien";"Endrunde"
"2014-07-13";"ESP";"ARG";NA;"WM 2014";"Brasilien";"Endrunde"
"2014-07-13";"FRA";"ARG";NA;"WM 2014";"Brasilien";"Endrunde"
"2014-07-13";"GHA";"ARG";NA;"WM 2014";"Brasilien";"Endrunde"
"2014-07-13";"GRC";"ARG";NA;"WM 2014";"Brasilien";"Endrunde"
"2014-07-13";"HND";"ARG";NA;"WM 2014";"Brasilien";"Endrunde"
"2014-07-13";"HRV";"ARG";NA;"WM 2014";"Brasilien";"Endrunde"
"2014-07-13";"IRN";"ARG";NA;"WM 2014";"Brasilien";"Endrunde"
"2014-07-13";"ITA";"ARG";NA;"WM 2014";"Brasilien";"Endrunde"
"2014-07-13";"JPN";"ARG";NA;"WM 2014";"Brasilien";"Endrunde"
"2014-07-13";"KOR";"ARG";NA;"WM 2014";"Brasilien";"Endrunde"
"2014-07-13";"MEX";"ARG";NA;"WM 2014";"Brasilien";"Endrunde"
"2014-07-13";"NGA";"ARG";NA;"WM 2014";"Brasilien";"Endrunde"
"2014-07-13";"NLD";"ARG";NA;"WM 2014";"Brasilien";"Endrunde"
"2014-07-13";"PRT";"ARG";NA;"WM 2014";"Brasilien";"Endrunde"
"2014-07-13";"RUS";"ARG";NA;"WM 2014";"Brasilien";"Endrunde"
"2014-07-13";"URY";"ARG";NA;"WM 2014";"Brasilien";"Endrunde"
"2014-07-13";"USA";"ARG";NA;"WM 2014";"Brasilien";"Endrunde"
"2014-07-13";"ARG";"AUS";NA;"WM 2014";"Brasilien";"Endrunde"
"2014-07-13";"AUS";"AUS";NA;"WM 2014";"Brasilien";"Endrunde"
"2014-07-13";"BEL";"AUS";NA;"WM 2014";"Brasilien";"Endrunde"
"2014-07-13";"BIH";"AUS";NA;"WM 2014";"Brasilien";"Endrunde"
"2014-07-13";"BRA";"AUS";NA;"WM 2014";"Brasilien";"Endrunde"
"2014-07-13";"CHE";"AUS";NA;"WM 2014";"Brasilien";"Endrunde"
"2014-07-13";"CHL";"AUS";NA;"WM 2014";"Brasilien";"Endrunde"
"2014-07-13";"CIV";"AUS";NA;"WM 2014";"Brasilien";"Endrunde"
"2014-07-13";"CMR";"AUS";NA;"WM 2014";"Brasilien";"Endrunde"
"2014-07-13";"COL";"AUS";NA;"WM 2014";"Brasilien";"Endrunde"
"2014-07-13";"CRI";"AUS";NA;"WM 2014";"Brasilien";"Endrunde"
"2014-07-13";"DEU";"AUS";NA;"WM 2014";"Brasilien";"Endrunde"
"2014-07-13";"DZA";"AUS";NA;"WM 2014";"Brasilien";"Endrunde"
"2014-07-13";"ECU";"AUS";NA;"WM 2014";"Brasilien";"Endrunde"
"2014-07-13";"ENG";"AUS";NA;"WM 2014";"Brasilien";"Endrunde"
"2014-07-13";"ESP";"AUS";NA;"WM 2014";"Brasilien";"Endrunde"
"2014-07-13";"FRA";"AUS";NA;"WM 2014";"Brasilien";"Endrunde"
"2014-07-13";"GHA";"AUS";NA;"WM 2014";"Brasilien";"Endrunde"
"2014-07-13";"GRC";"AUS";NA;"WM 2014";"Brasilien";"Endrunde"
"2014-07-13";"HND";"AUS";NA;"WM 2014";"Brasilien";"Endrunde"
"2014-07-13";"HRV";"AUS";NA;"WM 2014";"Brasilien";"Endrunde"
"2014-07-13";"IRN";"AUS";NA;"WM 2014";"Brasilien";"Endrunde"
"2014-07-13";"ITA";"AUS";NA;"WM 2014";"Brasilien";"Endrunde"
"2014-07-13";"JPN";"AUS";NA;"WM 2014";"Brasilien";"Endrunde"
"2014-07-13";"KOR";"AUS";NA;"WM 2014";"Brasilien";"Endrunde"
"2014-07-13";"MEX";"AUS";NA;"WM 2014";"Brasilien";"Endrunde"
"2014-07-13";"NGA";"AUS";NA;"WM 2014";"Brasilien";"Endrunde"
"2014-07-13";"NLD";"AUS";NA;"WM 2014";"Brasilien";"Endrunde"
"2014-07-13";"PRT";"AUS";NA;"WM 2014";"Brasilien";"Endrunde"
"2014-07-13";"RUS";"AUS";NA;"WM 2014";"Brasilien";"Endrunde"
"2014-07-13";"URY";"AUS";NA;"WM 2014";"Brasilien";"Endrunde"
"2014-07-13";"USA";"AUS";NA;"WM 2014";"Brasilien";"Endrunde"
"2014-07-13";"ARG";"BEL";NA;"WM 2014";"Brasilien";"Endrunde"
"2014-07-13";"AUS";"BEL";NA;"WM 2014";"Brasilien";"Endrunde"
"2014-07-13";"BEL";"BEL";NA;"WM 2014";"Brasilien";"Endrunde"
"2014-07-13";"BIH";"BEL";NA;"WM 2014";"Brasilien";"Endrunde"
"2014-07-13";"BRA";"BEL";NA;"WM 2014";"Brasilien";"Endrunde"
"2014-07-13";"CHE";"BEL";NA;"WM 2014";"Brasilien";"Endrunde"
"2014-07-13";"CHL";"BEL";NA;"WM 2014";"Brasilien";"Endrunde"
"2014-07-13";"CIV";"BEL";NA;"WM 2014";"Brasilien";"Endrunde"
"2014-07-13";"CMR";"BEL";NA;"WM 2014";"Brasilien";"Endrunde"
"2014-07-13";"COL";"BEL";NA;"WM 2014";"Brasilien";"Endrunde"
"2014-07-13";"CRI";"BEL";NA;"WM 2014";"Brasilien";"Endrunde"
"2014-07-13";"DEU";"BEL";NA;"WM 2014";"Brasilien";"Endrunde"
"2014-07-13";"DZA";"BEL";NA;"WM 2014";"Brasilien";"Endrunde"
"2014-07-13";"ECU";"BEL";NA;"WM 2014";"Brasilien";"Endrunde"
"2014-07-13";"ENG";"BEL";NA;"WM 2014";"Brasilien";"Endrunde"
"2014-07-13";"ESP";"BEL";NA;"WM 2014";"Brasilien";"Endrunde"
"2014-07-13";"FRA";"BEL";NA;"WM 2014";"Brasilien";"Endrunde"
"2014-07-13";"GHA";"BEL";NA;"WM 2014";"Brasilien";"Endrunde"
"2014-07-13";"GRC";"BEL";NA;"WM 2014";"Brasilien";"Endrunde"
"2014-07-13";"HND";"BEL";NA;"WM 2014";"Brasilien";"Endrunde"
"2014-07-13";"HRV";"BEL";NA;"WM 2014";"Brasilien";"Endrunde"
"2014-07-13";"IRN";"BEL";NA;"WM 2014";"Brasilien";"Endrunde"
"2014-07-13";"ITA";"BEL";NA;"WM 2014";"Brasilien";"Endrunde"
"2014-07-13";"JPN";"BEL";NA;"WM 2014";"Brasilien";"Endrunde"
"2014-07-13";"KOR";"BEL";NA;"WM 2014";"Brasilien";"Endrunde"
"2014-07-13";"MEX";"BEL";NA;"WM 2014";"Brasilien";"Endrunde"
"2014-07-13";"NGA";"BEL";NA;"WM 2014";"Brasilien";"Endrunde"
"2014-07-13";"NLD";"BEL";NA;"WM 2014";"Brasilien";"Endrunde"
"2014-07-13";"PRT";"BEL";NA;"WM 2014";"Brasilien";"Endrunde"
"2014-07-13";"RUS";"BEL";NA;"WM 2014";"Brasilien";"Endrunde"
"2014-07-13";"URY";"BEL";NA;"WM 2014";"Brasilien";"Endrunde"
"2014-07-13";"USA";"BEL";NA;"WM 2014";"Brasilien";"Endrunde"
"2014-07-13";"ARG";"BIH";NA;"WM 2014";"Brasilien";"Endrunde"
"2014-07-13";"AUS";"BIH";NA;"WM 2014";"Brasilien";"Endrunde"
"2014-07-13";"BEL";"BIH";NA;"WM 2014";"Brasilien";"Endrunde"
"2014-07-13";"BIH";"BIH";NA;"WM 2014";"Brasilien";"Endrunde"
"2014-07-13";"BRA";"BIH";NA;"WM 2014";"Brasilien";"Endrunde"
"2014-07-13";"CHE";"BIH";NA;"WM 2014";"Brasilien";"Endrunde"
"2014-07-13";"CHL";"BIH";NA;"WM 2014";"Brasilien";"Endrunde"
"2014-07-13";"CIV";"BIH";NA;"WM 2014";"Brasilien";"Endrunde"
"2014-07-13";"CMR";"BIH";NA;"WM 2014";"Brasilien";"Endrunde"
"2014-07-13";"COL";"BIH";NA;"WM 2014";"Brasilien";"Endrunde"
"2014-07-13";"CRI";"BIH";NA;"WM 2014";"Brasilien";"Endrunde"
"2014-07-13";"DEU";"BIH";NA;"WM 2014";"Brasilien";"Endrunde"
"2014-07-13";"DZA";"BIH";NA;"WM 2014";"Brasilien";"Endrunde"
"2014-07-13";"ECU";"BIH";NA;"WM 2014";"Brasilien";"Endrunde"
"2014-07-13";"ENG";"BIH";NA;"WM 2014";"Brasilien";"Endrunde"
"2014-07-13";"ESP";"BIH";NA;"WM 2014";"Brasilien";"Endrunde"
"2014-07-13";"FRA";"BIH";NA;"WM 2014";"Brasilien";"Endrunde"
"2014-07-13";"GHA";"BIH";NA;"WM 2014";"Brasilien";"Endrunde"
"2014-07-13";"GRC";"BIH";NA;"WM 2014";"Brasilien";"Endrunde"
"2014-07-13";"HND";"BIH";NA;"WM 2014";"Brasilien";"Endrunde"
"2014-07-13";"HRV";"BIH";NA;"WM 2014";"Brasilien";"Endrunde"
"2014-07-13";"IRN";"BIH";NA;"WM 2014";"Brasilien";"Endrunde"
"2014-07-13";"ITA";"BIH";NA;"WM 2014";"Brasilien";"Endrunde"
"2014-07-13";"JPN";"BIH";NA;"WM 2014";"Brasilien";"Endrunde"
"2014-07-13";"KOR";"BIH";NA;"WM 2014";"Brasilien";"Endrunde"
"2014-07-13";"MEX";"BIH";NA;"WM 2014";"Brasilien";"Endrunde"
"2014-07-13";"NGA";"BIH";NA;"WM 2014";"Brasilien";"Endrunde"
"2014-07-13";"NLD";"BIH";NA;"WM 2014";"Brasilien";"Endrunde"
"2014-07-13";"PRT";"BIH";NA;"WM 2014";"Brasilien";"Endrunde"
"2014-07-13";"RUS";"BIH";NA;"WM 2014";"Brasilien";"Endrunde"
"2014-07-13";"URY";"BIH";NA;"WM 2014";"Brasilien";"Endrunde"
"2014-07-13";"USA";"BIH";NA;"WM 2014";"Brasilien";"Endrunde"
"2014-07-13";"ARG";"BRA";NA;"WM 2014";"Brasilien";"Endrunde"
"2014-07-13";"AUS";"BRA";NA;"WM 2014";"Brasilien";"Endrunde"
"2014-07-13";"BEL";"BRA";NA;"WM 2014";"Brasilien";"Endrunde"
"2014-07-13";"BIH";"BRA";NA;"WM 2014";"Brasilien";"Endrunde"
"2014-07-13";"BRA";"BRA";NA;"WM 2014";"Brasilien";"Endrunde"
"2014-07-13";"CHE";"BRA";NA;"WM 2014";"Brasilien";"Endrunde"
"2014-07-13";"CHL";"BRA";NA;"WM 2014";"Brasilien";"Endrunde"
"2014-07-13";"CIV";"BRA";NA;"WM 2014";"Brasilien";"Endrunde"
"2014-07-13";"CMR";"BRA";NA;"WM 2014";"Brasilien";"Endrunde"
"2014-07-13";"COL";"BRA";NA;"WM 2014";"Brasilien";"Endrunde"
"2014-07-13";"CRI";"BRA";NA;"WM 2014";"Brasilien";"Endrunde"
"2014-07-13";"DEU";"BRA";NA;"WM 2014";"Brasilien";"Endrunde"
"2014-07-13";"DZA";"BRA";NA;"WM 2014";"Brasilien";"Endrunde"
"2014-07-13";"ECU";"BRA";NA;"WM 2014";"Brasilien";"Endrunde"
"2014-07-13";"ENG";"BRA";NA;"WM 2014";"Brasilien";"Endrunde"
"2014-07-13";"ESP";"BRA";NA;"WM 2014";"Brasilien";"Endrunde"
"2014-07-13";"FRA";"BRA";NA;"WM 2014";"Brasilien";"Endrunde"
"2014-07-13";"GHA";"BRA";NA;"WM 2014";"Brasilien";"Endrunde"
"2014-07-13";"GRC";"BRA";NA;"WM 2014";"Brasilien";"Endrunde"
"2014-07-13";"HND";"BRA";NA;"WM 2014";"Brasilien";"Endrunde"
"2014-07-13";"HRV";"BRA";NA;"WM 2014";"Brasilien";"Endrunde"
"2014-07-13";"IRN";"BRA";NA;"WM 2014";"Brasilien";"Endrunde"
"2014-07-13";"ITA";"BRA";NA;"WM 2014";"Brasilien";"Endrunde"
"2014-07-13";"JPN";"BRA";NA;"WM 2014";"Brasilien";"Endrunde"
"2014-07-13";"KOR";"BRA";NA;"WM 2014";"Brasilien";"Endrunde"
"2014-07-13";"MEX";"BRA";NA;"WM 2014";"Brasilien";"Endrunde"
"2014-07-13";"NGA";"BRA";NA;"WM 2014";"Brasilien";"Endrunde"
"2014-07-13";"NLD";"BRA";NA;"WM 2014";"Brasilien";"Endrunde"
"2014-07-13";"PRT";"BRA";NA;"WM 2014";"Brasilien";"Endrunde"
"2014-07-13";"RUS";"BRA";NA;"WM 2014";"Brasilien";"Endrunde"
"2014-07-13";"URY";"BRA";NA;"WM 2014";"Brasilien";"Endrunde"
"2014-07-13";"USA";"BRA";NA;"WM 2014";"Brasilien";"Endrunde"
"2014-07-13";"ARG";"CHE";NA;"WM 2014";"Brasilien";"Endrunde"
"2014-07-13";"AUS";"CHE";NA;"WM 2014";"Brasilien";"Endrunde"
"2014-07-13";"BEL";"CHE";NA;"WM 2014";"Brasilien";"Endrunde"
"2014-07-13";"BIH";"CHE";NA;"WM 2014";"Brasilien";"Endrunde"
"2014-07-13";"BRA";"CHE";NA;"WM 2014";"Brasilien";"Endrunde"
"2014-07-13";"CHE";"CHE";NA;"WM 2014";"Brasilien";"Endrunde"
"2014-07-13";"CHL";"CHE";NA;"WM 2014";"Brasilien";"Endrunde"
"2014-07-13";"CIV";"CHE";NA;"WM 2014";"Brasilien";"Endrunde"
"2014-07-13";"CMR";"CHE";NA;"WM 2014";"Brasilien";"Endrunde"
"2014-07-13";"COL";"CHE";NA;"WM 2014";"Brasilien";"Endrunde"
"2014-07-13";"CRI";"CHE";NA;"WM 2014";"Brasilien";"Endrunde"
"2014-07-13";"DEU";"CHE";NA;"WM 2014";"Brasilien";"Endrunde"
"2014-07-13";"DZA";"CHE";NA;"WM 2014";"Brasilien";"Endrunde"
"2014-07-13";"ECU";"CHE";NA;"WM 2014";"Brasilien";"Endrunde"
"2014-07-13";"ENG";"CHE";NA;"WM 2014";"Brasilien";"Endrunde"
"2014-07-13";"ESP";"CHE";NA;"WM 2014";"Brasilien";"Endrunde"
"2014-07-13";"FRA";"CHE";NA;"WM 2014";"Brasilien";"Endrunde"
"2014-07-13";"GHA";"CHE";NA;"WM 2014";"Brasilien";"Endrunde"
"2014-07-13";"GRC";"CHE";NA;"WM 2014";"Brasilien";"Endrunde"
"2014-07-13";"HND";"CHE";NA;"WM 2014";"Brasilien";"Endrunde"
"2014-07-13";"HRV";"CHE";NA;"WM 2014";"Brasilien";"Endrunde"
"2014-07-13";"IRN";"CHE";NA;"WM 2014";"Brasilien";"Endrunde"
"2014-07-13";"ITA";"CHE";NA;"WM 2014";"Brasilien";"Endrunde"
"2014-07-13";"JPN";"CHE";NA;"WM 2014";"Brasilien";"Endrunde"
"2014-07-13";"KOR";"CHE";NA;"WM 2014";"Brasilien";"Endrunde"
"2014-07-13";"MEX";"CHE";NA;"WM 2014";"Brasilien";"Endrunde"
"2014-07-13";"NGA";"CHE";NA;"WM 2014";"Brasilien";"Endrunde"
"2014-07-13";"NLD";"CHE";NA;"WM 2014";"Brasilien";"Endrunde"
"2014-07-13";"PRT";"CHE";NA;"WM 2014";"Brasilien";"Endrunde"
"2014-07-13";"RUS";"CHE";NA;"WM 2014";"Brasilien";"Endrunde"
"2014-07-13";"URY";"CHE";NA;"WM 2014";"Brasilien";"Endrunde"
"2014-07-13";"USA";"CHE";NA;"WM 2014";"Brasilien";"Endrunde"
"2014-07-13";"ARG";"CHL";NA;"WM 2014";"Brasilien";"Endrunde"
"2014-07-13";"AUS";"CHL";NA;"WM 2014";"Brasilien";"Endrunde"
"2014-07-13";"BEL";"CHL";NA;"WM 2014";"Brasilien";"Endrunde"
"2014-07-13";"BIH";"CHL";NA;"WM 2014";"Brasilien";"Endrunde"
"2014-07-13";"BRA";"CHL";NA;"WM 2014";"Brasilien";"Endrunde"
"2014-07-13";"CHE";"CHL";NA;"WM 2014";"Brasilien";"Endrunde"
"2014-07-13";"CHL";"CHL";NA;"WM 2014";"Brasilien";"Endrunde"
"2014-07-13";"CIV";"CHL";NA;"WM 2014";"Brasilien";"Endrunde"
"2014-07-13";"CMR";"CHL";NA;"WM 2014";"Brasilien";"Endrunde"
"2014-07-13";"COL";"CHL";NA;"WM 2014";"Brasilien";"Endrunde"
"2014-07-13";"CRI";"CHL";NA;"WM 2014";"Brasilien";"Endrunde"
"2014-07-13";"DEU";"CHL";NA;"WM 2014";"Brasilien";"Endrunde"
"2014-07-13";"DZA";"CHL";NA;"WM 2014";"Brasilien";"Endrunde"
"2014-07-13";"ECU";"CHL";NA;"WM 2014";"Brasilien";"Endrunde"
"2014-07-13";"ENG";"CHL";NA;"WM 2014";"Brasilien";"Endrunde"
"2014-07-13";"ESP";"CHL";NA;"WM 2014";"Brasilien";"Endrunde"
"2014-07-13";"FRA";"CHL";NA;"WM 2014";"Brasilien";"Endrunde"
"2014-07-13";"GHA";"CHL";NA;"WM 2014";"Brasilien";"Endrunde"
"2014-07-13";"GRC";"CHL";NA;"WM 2014";"Brasilien";"Endrunde"
"2014-07-13";"HND";"CHL";NA;"WM 2014";"Brasilien";"Endrunde"
"2014-07-13";"HRV";"CHL";NA;"WM 2014";"Brasilien";"Endrunde"
"2014-07-13";"IRN";"CHL";NA;"WM 2014";"Brasilien";"Endrunde"
"2014-07-13";"ITA";"CHL";NA;"WM 2014";"Brasilien";"Endrunde"
"2014-07-13";"JPN";"CHL";NA;"WM 2014";"Brasilien";"Endrunde"
"2014-07-13";"KOR";"CHL";NA;"WM 2014";"Brasilien";"Endrunde"
"2014-07-13";"MEX";"CHL";NA;"WM 2014";"Brasilien";"Endrunde"
"2014-07-13";"NGA";"CHL";NA;"WM 2014";"Brasilien";"Endrunde"
"2014-07-13";"NLD";"CHL";NA;"WM 2014";"Brasilien";"Endrunde"
"2014-07-13";"PRT";"CHL";NA;"WM 2014";"Brasilien";"Endrunde"
"2014-07-13";"RUS";"CHL";NA;"WM 2014";"Brasilien";"Endrunde"
"2014-07-13";"URY";"CHL";NA;"WM 2014";"Brasilien";"Endrunde"
"2014-07-13";"USA";"CHL";NA;"WM 2014";"Brasilien";"Endrunde"
"2014-07-13";"ARG";"CIV";NA;"WM 2014";"Brasilien";"Endrunde"
"2014-07-13";"AUS";"CIV";NA;"WM 2014";"Brasilien";"Endrunde"
"2014-07-13";"BEL";"CIV";NA;"WM 2014";"Brasilien";"Endrunde"
"2014-07-13";"BIH";"CIV";NA;"WM 2014";"Brasilien";"Endrunde"
"2014-07-13";"BRA";"CIV";NA;"WM 2014";"Brasilien";"Endrunde"
"2014-07-13";"CHE";"CIV";NA;"WM 2014";"Brasilien";"Endrunde"
"2014-07-13";"CHL";"CIV";NA;"WM 2014";"Brasilien";"Endrunde"
"2014-07-13";"CIV";"CIV";NA;"WM 2014";"Brasilien";"Endrunde"
"2014-07-13";"CMR";"CIV";NA;"WM 2014";"Brasilien";"Endrunde"
"2014-07-13";"COL";"CIV";NA;"WM 2014";"Brasilien";"Endrunde"
"2014-07-13";"CRI";"CIV";NA;"WM 2014";"Brasilien";"Endrunde"
"2014-07-13";"DEU";"CIV";NA;"WM 2014";"Brasilien";"Endrunde"
"2014-07-13";"DZA";"CIV";NA;"WM 2014";"Brasilien";"Endrunde"
"2014-07-13";"ECU";"CIV";NA;"WM 2014";"Brasilien";"Endrunde"
"2014-07-13";"ENG";"CIV";NA;"WM 2014";"Brasilien";"Endrunde"
"2014-07-13";"ESP";"CIV";NA;"WM 2014";"Brasilien";"Endrunde"
"2014-07-13";"FRA";"CIV";NA;"WM 2014";"Brasilien";"Endrunde"
"2014-07-13";"GHA";"CIV";NA;"WM 2014";"Brasilien";"Endrunde"
"2014-07-13";"GRC";"CIV";NA;"WM 2014";"Brasilien";"Endrunde"
"2014-07-13";"HND";"CIV";NA;"WM 2014";"Brasilien";"Endrunde"
"2014-07-13";"HRV";"CIV";NA;"WM 2014";"Brasilien";"Endrunde"
"2014-07-13";"IRN";"CIV";NA;"WM 2014";"Brasilien";"Endrunde"
"2014-07-13";"ITA";"CIV";NA;"WM 2014";"Brasilien";"Endrunde"
"2014-07-13";"JPN";"CIV";NA;"WM 2014";"Brasilien";"Endrunde"
"2014-07-13";"KOR";"CIV";NA;"WM 2014";"Brasilien";"Endrunde"
"2014-07-13";"MEX";"CIV";NA;"WM 2014";"Brasilien";"Endrunde"
"2014-07-13";"NGA";"CIV";NA;"WM 2014";"Brasilien";"Endrunde"
"2014-07-13";"NLD";"CIV";NA;"WM 2014";"Brasilien";"Endrunde"
"2014-07-13";"PRT";"CIV";NA;"WM 2014";"Brasilien";"Endrunde"
"2014-07-13";"RUS";"CIV";NA;"WM 2014";"Brasilien";"Endrunde"
"2014-07-13";"URY";"CIV";NA;"WM 2014";"Brasilien";"Endrunde"
"2014-07-13";"USA";"CIV";NA;"WM 2014";"Brasilien";"Endrunde"
"2014-07-13";"ARG";"CMR";NA;"WM 2014";"Brasilien";"Endrunde"
"2014-07-13";"AUS";"CMR";NA;"WM 2014";"Brasilien";"Endrunde"
"2014-07-13";"BEL";"CMR";NA;"WM 2014";"Brasilien";"Endrunde"
"2014-07-13";"BIH";"CMR";NA;"WM 2014";"Brasilien";"Endrunde"
"2014-07-13";"BRA";"CMR";NA;"WM 2014";"Brasilien";"Endrunde"
"2014-07-13";"CHE";"CMR";NA;"WM 2014";"Brasilien";"Endrunde"
"2014-07-13";"CHL";"CMR";NA;"WM 2014";"Brasilien";"Endrunde"
"2014-07-13";"CIV";"CMR";NA;"WM 2014";"Brasilien";"Endrunde"
"2014-07-13";"CMR";"CMR";NA;"WM 2014";"Brasilien";"Endrunde"
"2014-07-13";"COL";"CMR";NA;"WM 2014";"Brasilien";"Endrunde"
"2014-07-13";"CRI";"CMR";NA;"WM 2014";"Brasilien";"Endrunde"
"2014-07-13";"DEU";"CMR";NA;"WM 2014";"Brasilien";"Endrunde"
"2014-07-13";"DZA";"CMR";NA;"WM 2014";"Brasilien";"Endrunde"
"2014-07-13";"ECU";"CMR";NA;"WM 2014";"Brasilien";"Endrunde"
"2014-07-13";"ENG";"CMR";NA;"WM 2014";"Brasilien";"Endrunde"
"2014-07-13";"ESP";"CMR";NA;"WM 2014";"Brasilien";"Endrunde"
"2014-07-13";"FRA";"CMR";NA;"WM 2014";"Brasilien";"Endrunde"
"2014-07-13";"GHA";"CMR";NA;"WM 2014";"Brasilien";"Endrunde"
"2014-07-13";"GRC";"CMR";NA;"WM 2014";"Brasilien";"Endrunde"
"2014-07-13";"HND";"CMR";NA;"WM 2014";"Brasilien";"Endrunde"
"2014-07-13";"HRV";"CMR";NA;"WM 2014";"Brasilien";"Endrunde"
"2014-07-13";"IRN";"CMR";NA;"WM 2014";"Brasilien";"Endrunde"
"2014-07-13";"ITA";"CMR";NA;"WM 2014";"Brasilien";"Endrunde"
"2014-07-13";"JPN";"CMR";NA;"WM 2014";"Brasilien";"Endrunde"
"2014-07-13";"KOR";"CMR";NA;"WM 2014";"Brasilien";"Endrunde"
"2014-07-13";"MEX";"CMR";NA;"WM 2014";"Brasilien";"Endrunde"
"2014-07-13";"NGA";"CMR";NA;"WM 2014";"Brasilien";"Endrunde"
"2014-07-13";"NLD";"CMR";NA;"WM 2014";"Brasilien";"Endrunde"
"2014-07-13";"PRT";"CMR";NA;"WM 2014";"Brasilien";"Endrunde"
"2014-07-13";"RUS";"CMR";NA;"WM 2014";"Brasilien";"Endrunde"
"2014-07-13";"URY";"CMR";NA;"WM 2014";"Brasilien";"Endrunde"
"2014-07-13";"USA";"CMR";NA;"WM 2014";"Brasilien";"Endrunde"
"2014-07-13";"ARG";"COL";NA;"WM 2014";"Brasilien";"Endrunde"
"2014-07-13";"AUS";"COL";NA;"WM 2014";"Brasilien";"Endrunde"
"2014-07-13";"BEL";"COL";NA;"WM 2014";"Brasilien";"Endrunde"
"2014-07-13";"BIH";"COL";NA;"WM 2014";"Brasilien";"Endrunde"
"2014-07-13";"BRA";"COL";NA;"WM 2014";"Brasilien";"Endrunde"
"2014-07-13";"CHE";"COL";NA;"WM 2014";"Brasilien";"Endrunde"
"2014-07-13";"CHL";"COL";NA;"WM 2014";"Brasilien";"Endrunde"
"2014-07-13";"CIV";"COL";NA;"WM 2014";"Brasilien";"Endrunde"
"2014-07-13";"CMR";"COL";NA;"WM 2014";"Brasilien";"Endrunde"
"2014-07-13";"COL";"COL";NA;"WM 2014";"Brasilien";"Endrunde"
"2014-07-13";"CRI";"COL";NA;"WM 2014";"Brasilien";"Endrunde"
"2014-07-13";"DEU";"COL";NA;"WM 2014";"Brasilien";"Endrunde"
"2014-07-13";"DZA";"COL";NA;"WM 2014";"Brasilien";"Endrunde"
"2014-07-13";"ECU";"COL";NA;"WM 2014";"Brasilien";"Endrunde"
"2014-07-13";"ENG";"COL";NA;"WM 2014";"Brasilien";"Endrunde"
"2014-07-13";"ESP";"COL";NA;"WM 2014";"Brasilien";"Endrunde"
"2014-07-13";"FRA";"COL";NA;"WM 2014";"Brasilien";"Endrunde"
"2014-07-13";"GHA";"COL";NA;"WM 2014";"Brasilien";"Endrunde"
"2014-07-13";"GRC";"COL";NA;"WM 2014";"Brasilien";"Endrunde"
"2014-07-13";"HND";"COL";NA;"WM 2014";"Brasilien";"Endrunde"
"2014-07-13";"HRV";"COL";NA;"WM 2014";"Brasilien";"Endrunde"
"2014-07-13";"IRN";"COL";NA;"WM 2014";"Brasilien";"Endrunde"
"2014-07-13";"ITA";"COL";NA;"WM 2014";"Brasilien";"Endrunde"
"2014-07-13";"JPN";"COL";NA;"WM 2014";"Brasilien";"Endrunde"
"2014-07-13";"KOR";"COL";NA;"WM 2014";"Brasilien";"Endrunde"
"2014-07-13";"MEX";"COL";NA;"WM 2014";"Brasilien";"Endrunde"
"2014-07-13";"NGA";"COL";NA;"WM 2014";"Brasilien";"Endrunde"
"2014-07-13";"NLD";"COL";NA;"WM 2014";"Brasilien";"Endrunde"
"2014-07-13";"PRT";"COL";NA;"WM 2014";"Brasilien";"Endrunde"
"2014-07-13";"RUS";"COL";NA;"WM 2014";"Brasilien";"Endrunde"
"2014-07-13";"URY";"COL";NA;"WM 2014";"Brasilien";"Endrunde"
"2014-07-13";"USA";"COL";NA;"WM 2014";"Brasilien";"Endrunde"
"2014-07-13";"ARG";"CRI";NA;"WM 2014";"Brasilien";"Endrunde"
"2014-07-13";"AUS";"CRI";NA;"WM 2014";"Brasilien";"Endrunde"
"2014-07-13";"BEL";"CRI";NA;"WM 2014";"Brasilien";"Endrunde"
"2014-07-13";"BIH";"CRI";NA;"WM 2014";"Brasilien";"Endrunde"
"2014-07-13";"BRA";"CRI";NA;"WM 2014";"Brasilien";"Endrunde"
"2014-07-13";"CHE";"CRI";NA;"WM 2014";"Brasilien";"Endrunde"
"2014-07-13";"CHL";"CRI";NA;"WM 2014";"Brasilien";"Endrunde"
"2014-07-13";"CIV";"CRI";NA;"WM 2014";"Brasilien";"Endrunde"
"2014-07-13";"CMR";"CRI";NA;"WM 2014";"Brasilien";"Endrunde"
"2014-07-13";"COL";"CRI";NA;"WM 2014";"Brasilien";"Endrunde"
"2014-07-13";"CRI";"CRI";NA;"WM 2014";"Brasilien";"Endrunde"
"2014-07-13";"DEU";"CRI";NA;"WM 2014";"Brasilien";"Endrunde"
"2014-07-13";"DZA";"CRI";NA;"WM 2014";"Brasilien";"Endrunde"
"2014-07-13";"ECU";"CRI";NA;"WM 2014";"Brasilien";"Endrunde"
"2014-07-13";"ENG";"CRI";NA;"WM 2014";"Brasilien";"Endrunde"
"2014-07-13";"ESP";"CRI";NA;"WM 2014";"Brasilien";"Endrunde"
"2014-07-13";"FRA";"CRI";NA;"WM 2014";"Brasilien";"Endrunde"
"2014-07-13";"GHA";"CRI";NA;"WM 2014";"Brasilien";"Endrunde"
"2014-07-13";"GRC";"CRI";NA;"WM 2014";"Brasilien";"Endrunde"
"2014-07-13";"HND";"CRI";NA;"WM 2014";"Brasilien";"Endrunde"
"2014-07-13";"HRV";"CRI";NA;"WM 2014";"Brasilien";"Endrunde"
"2014-07-13";"IRN";"CRI";NA;"WM 2014";"Brasilien";"Endrunde"
"2014-07-13";"ITA";"CRI";NA;"WM 2014";"Brasilien";"Endrunde"
"2014-07-13";"JPN";"CRI";NA;"WM 2014";"Brasilien";"Endrunde"
"2014-07-13";"KOR";"CRI";NA;"WM 2014";"Brasilien";"Endrunde"
"2014-07-13";"MEX";"CRI";NA;"WM 2014";"Brasilien";"Endrunde"
"2014-07-13";"NGA";"CRI";NA;"WM 2014";"Brasilien";"Endrunde"
"2014-07-13";"NLD";"CRI";NA;"WM 2014";"Brasilien";"Endrunde"
"2014-07-13";"PRT";"CRI";NA;"WM 2014";"Brasilien";"Endrunde"
"2014-07-13";"RUS";"CRI";NA;"WM 2014";"Brasilien";"Endrunde"
"2014-07-13";"URY";"CRI";NA;"WM 2014";"Brasilien";"Endrunde"
"2014-07-13";"USA";"CRI";NA;"WM 2014";"Brasilien";"Endrunde"
"2014-07-13";"ARG";"DEU";NA;"WM 2014";"Brasilien";"Endrunde"
"2014-07-13";"AUS";"DEU";NA;"WM 2014";"Brasilien";"Endrunde"
"2014-07-13";"BEL";"DEU";NA;"WM 2014";"Brasilien";"Endrunde"
"2014-07-13";"BIH";"DEU";NA;"WM 2014";"Brasilien";"Endrunde"
"2014-07-13";"BRA";"DEU";NA;"WM 2014";"Brasilien";"Endrunde"
"2014-07-13";"CHE";"DEU";NA;"WM 2014";"Brasilien";"Endrunde"
"2014-07-13";"CHL";"DEU";NA;"WM 2014";"Brasilien";"Endrunde"
"2014-07-13";"CIV";"DEU";NA;"WM 2014";"Brasilien";"Endrunde"
"2014-07-13";"CMR";"DEU";NA;"WM 2014";"Brasilien";"Endrunde"
"2014-07-13";"COL";"DEU";NA;"WM 2014";"Brasilien";"Endrunde"
"2014-07-13";"CRI";"DEU";NA;"WM 2014";"Brasilien";"Endrunde"
"2014-07-13";"DEU";"DEU";NA;"WM 2014";"Brasilien";"Endrunde"
"2014-07-13";"DZA";"DEU";NA;"WM 2014";"Brasilien";"Endrunde"
"2014-07-13";"ECU";"DEU";NA;"WM 2014";"Brasilien";"Endrunde"
"2014-07-13";"ENG";"DEU";NA;"WM 2014";"Brasilien";"Endrunde"
"2014-07-13";"ESP";"DEU";NA;"WM 2014";"Brasilien";"Endrunde"
"2014-07-13";"FRA";"DEU";NA;"WM 2014";"Brasilien";"Endrunde"
"2014-07-13";"GHA";"DEU";NA;"WM 2014";"Brasilien";"Endrunde"
"2014-07-13";"GRC";"DEU";NA;"WM 2014";"Brasilien";"Endrunde"
"2014-07-13";"HND";"DEU";NA;"WM 2014";"Brasilien";"Endrunde"
"2014-07-13";"HRV";"DEU";NA;"WM 2014";"Brasilien";"Endrunde"
"2014-07-13";"IRN";"DEU";NA;"WM 2014";"Brasilien";"Endrunde"
"2014-07-13";"ITA";"DEU";NA;"WM 2014";"Brasilien";"Endrunde"
"2014-07-13";"JPN";"DEU";NA;"WM 2014";"Brasilien";"Endrunde"
"2014-07-13";"KOR";"DEU";NA;"WM 2014";"Brasilien";"Endrunde"
"2014-07-13";"MEX";"DEU";NA;"WM 2014";"Brasilien";"Endrunde"
"2014-07-13";"NGA";"DEU";NA;"WM 2014";"Brasilien";"Endrunde"
"2014-07-13";"NLD";"DEU";NA;"WM 2014";"Brasilien";"Endrunde"
"2014-07-13";"PRT";"DEU";NA;"WM 2014";"Brasilien";"Endrunde"
"2014-07-13";"RUS";"DEU";NA;"WM 2014";"Brasilien";"Endrunde"
"2014-07-13";"URY";"DEU";NA;"WM 2014";"Brasilien";"Endrunde"
"2014-07-13";"USA";"DEU";NA;"WM 2014";"Brasilien";"Endrunde"
"2014-07-13";"ARG";"DZA";NA;"WM 2014";"Brasilien";"Endrunde"
"2014-07-13";"AUS";"DZA";NA;"WM 2014";"Brasilien";"Endrunde"
"2014-07-13";"BEL";"DZA";NA;"WM 2014";"Brasilien";"Endrunde"
"2014-07-13";"BIH";"DZA";NA;"WM 2014";"Brasilien";"Endrunde"
"2014-07-13";"BRA";"DZA";NA;"WM 2014";"Brasilien";"Endrunde"
"2014-07-13";"CHE";"DZA";NA;"WM 2014";"Brasilien";"Endrunde"
"2014-07-13";"CHL";"DZA";NA;"WM 2014";"Brasilien";"Endrunde"
"2014-07-13";"CIV";"DZA";NA;"WM 2014";"Brasilien";"Endrunde"
"2014-07-13";"CMR";"DZA";NA;"WM 2014";"Brasilien";"Endrunde"
"2014-07-13";"COL";"DZA";NA;"WM 2014";"Brasilien";"Endrunde"
"2014-07-13";"CRI";"DZA";NA;"WM 2014";"Brasilien";"Endrunde"
"2014-07-13";"DEU";"DZA";NA;"WM 2014";"Brasilien";"Endrunde"
"2014-07-13";"DZA";"DZA";NA;"WM 2014";"Brasilien";"Endrunde"
"2014-07-13";"ECU";"DZA";NA;"WM 2014";"Brasilien";"Endrunde"
"2014-07-13";"ENG";"DZA";NA;"WM 2014";"Brasilien";"Endrunde"
"2014-07-13";"ESP";"DZA";NA;"WM 2014";"Brasilien";"Endrunde"
"2014-07-13";"FRA";"DZA";NA;"WM 2014";"Brasilien";"Endrunde"
"2014-07-13";"GHA";"DZA";NA;"WM 2014";"Brasilien";"Endrunde"
"2014-07-13";"GRC";"DZA";NA;"WM 2014";"Brasilien";"Endrunde"
"2014-07-13";"HND";"DZA";NA;"WM 2014";"Brasilien";"Endrunde"
"2014-07-13";"HRV";"DZA";NA;"WM 2014";"Brasilien";"Endrunde"
"2014-07-13";"IRN";"DZA";NA;"WM 2014";"Brasilien";"Endrunde"
"2014-07-13";"ITA";"DZA";NA;"WM 2014";"Brasilien";"Endrunde"
"2014-07-13";"JPN";"DZA";NA;"WM 2014";"Brasilien";"Endrunde"
"2014-07-13";"KOR";"DZA";NA;"WM 2014";"Brasilien";"Endrunde"
"2014-07-13";"MEX";"DZA";NA;"WM 2014";"Brasilien";"Endrunde"
"2014-07-13";"NGA";"DZA";NA;"WM 2014";"Brasilien";"Endrunde"
"2014-07-13";"NLD";"DZA";NA;"WM 2014";"Brasilien";"Endrunde"
"2014-07-13";"PRT";"DZA";NA;"WM 2014";"Brasilien";"Endrunde"
"2014-07-13";"RUS";"DZA";NA;"WM 2014";"Brasilien";"Endrunde"
"2014-07-13";"URY";"DZA";NA;"WM 2014";"Brasilien";"Endrunde"
"2014-07-13";"USA";"DZA";NA;"WM 2014";"Brasilien";"Endrunde"
"2014-07-13";"ARG";"ECU";NA;"WM 2014";"Brasilien";"Endrunde"
"2014-07-13";"AUS";"ECU";NA;"WM 2014";"Brasilien";"Endrunde"
"2014-07-13";"BEL";"ECU";NA;"WM 2014";"Brasilien";"Endrunde"
"2014-07-13";"BIH";"ECU";NA;"WM 2014";"Brasilien";"Endrunde"
"2014-07-13";"BRA";"ECU";NA;"WM 2014";"Brasilien";"Endrunde"
"2014-07-13";"CHE";"ECU";NA;"WM 2014";"Brasilien";"Endrunde"
"2014-07-13";"CHL";"ECU";NA;"WM 2014";"Brasilien";"Endrunde"
"2014-07-13";"CIV";"ECU";NA;"WM 2014";"Brasilien";"Endrunde"
"2014-07-13";"CMR";"ECU";NA;"WM 2014";"Brasilien";"Endrunde"
"2014-07-13";"COL";"ECU";NA;"WM 2014";"Brasilien";"Endrunde"
"2014-07-13";"CRI";"ECU";NA;"WM 2014";"Brasilien";"Endrunde"
"2014-07-13";"DEU";"ECU";NA;"WM 2014";"Brasilien";"Endrunde"
"2014-07-13";"DZA";"ECU";NA;"WM 2014";"Brasilien";"Endrunde"
"2014-07-13";"ECU";"ECU";NA;"WM 2014";"Brasilien";"Endrunde"
"2014-07-13";"ENG";"ECU";NA;"WM 2014";"Brasilien";"Endrunde"
"2014-07-13";"ESP";"ECU";NA;"WM 2014";"Brasilien";"Endrunde"
"2014-07-13";"FRA";"ECU";NA;"WM 2014";"Brasilien";"Endrunde"
"2014-07-13";"GHA";"ECU";NA;"WM 2014";"Brasilien";"Endrunde"
"2014-07-13";"GRC";"ECU";NA;"WM 2014";"Brasilien";"Endrunde"
"2014-07-13";"HND";"ECU";NA;"WM 2014";"Brasilien";"Endrunde"
"2014-07-13";"HRV";"ECU";NA;"WM 2014";"Brasilien";"Endrunde"
"2014-07-13";"IRN";"ECU";NA;"WM 2014";"Brasilien";"Endrunde"
"2014-07-13";"ITA";"ECU";NA;"WM 2014";"Brasilien";"Endrunde"
"2014-07-13";"JPN";"ECU";NA;"WM 2014";"Brasilien";"Endrunde"
"2014-07-13";"KOR";"ECU";NA;"WM 2014";"Brasilien";"Endrunde"
"2014-07-13";"MEX";"ECU";NA;"WM 2014";"Brasilien";"Endrunde"
"2014-07-13";"NGA";"ECU";NA;"WM 2014";"Brasilien";"Endrunde"
"2014-07-13";"NLD";"ECU";NA;"WM 2014";"Brasilien";"Endrunde"
"2014-07-13";"PRT";"ECU";NA;"WM 2014";"Brasilien";"Endrunde"
"2014-07-13";"RUS";"ECU";NA;"WM 2014";"Brasilien";"Endrunde"
"2014-07-13";"URY";"ECU";NA;"WM 2014";"Brasilien";"Endrunde"
"2014-07-13";"USA";"ECU";NA;"WM 2014";"Brasilien";"Endrunde"
"2014-07-13";"ARG";"ENG";NA;"WM 2014";"Brasilien";"Endrunde"
"2014-07-13";"AUS";"ENG";NA;"WM 2014";"Brasilien";"Endrunde"
"2014-07-13";"BEL";"ENG";NA;"WM 2014";"Brasilien";"Endrunde"
"2014-07-13";"BIH";"ENG";NA;"WM 2014";"Brasilien";"Endrunde"
"2014-07-13";"BRA";"ENG";NA;"WM 2014";"Brasilien";"Endrunde"
"2014-07-13";"CHE";"ENG";NA;"WM 2014";"Brasilien";"Endrunde"
"2014-07-13";"CHL";"ENG";NA;"WM 2014";"Brasilien";"Endrunde"
"2014-07-13";"CIV";"ENG";NA;"WM 2014";"Brasilien";"Endrunde"
"2014-07-13";"CMR";"ENG";NA;"WM 2014";"Brasilien";"Endrunde"
"2014-07-13";"COL";"ENG";NA;"WM 2014";"Brasilien";"Endrunde"
"2014-07-13";"CRI";"ENG";NA;"WM 2014";"Brasilien";"Endrunde"
"2014-07-13";"DEU";"ENG";NA;"WM 2014";"Brasilien";"Endrunde"
"2014-07-13";"DZA";"ENG";NA;"WM 2014";"Brasilien";"Endrunde"
"2014-07-13";"ECU";"ENG";NA;"WM 2014";"Brasilien";"Endrunde"
"2014-07-13";"ENG";"ENG";NA;"WM 2014";"Brasilien";"Endrunde"
"2014-07-13";"ESP";"ENG";NA;"WM 2014";"Brasilien";"Endrunde"
"2014-07-13";"FRA";"ENG";NA;"WM 2014";"Brasilien";"Endrunde"
"2014-07-13";"GHA";"ENG";NA;"WM 2014";"Brasilien";"Endrunde"
"2014-07-13";"GRC";"ENG";NA;"WM 2014";"Brasilien";"Endrunde"
"2014-07-13";"HND";"ENG";NA;"WM 2014";"Brasilien";"Endrunde"
"2014-07-13";"HRV";"ENG";NA;"WM 2014";"Brasilien";"Endrunde"
"2014-07-13";"IRN";"ENG";NA;"WM 2014";"Brasilien";"Endrunde"
"2014-07-13";"ITA";"ENG";NA;"WM 2014";"Brasilien";"Endrunde"
"2014-07-13";"JPN";"ENG";NA;"WM 2014";"Brasilien";"Endrunde"
"2014-07-13";"KOR";"ENG";NA;"WM 2014";"Brasilien";"Endrunde"
"2014-07-13";"MEX";"ENG";NA;"WM 2014";"Brasilien";"Endrunde"
"2014-07-13";"NGA";"ENG";NA;"WM 2014";"Brasilien";"Endrunde"
"2014-07-13";"NLD";"ENG";NA;"WM 2014";"Brasilien";"Endrunde"
"2014-07-13";"PRT";"ENG";NA;"WM 2014";"Brasilien";"Endrunde"
"2014-07-13";"RUS";"ENG";NA;"WM 2014";"Brasilien";"Endrunde"
"2014-07-13";"URY";"ENG";NA;"WM 2014";"Brasilien";"Endrunde"
"2014-07-13";"USA";"ENG";NA;"WM 2014";"Brasilien";"Endrunde"
"2014-07-13";"ARG";"ESP";NA;"WM 2014";"Brasilien";"Endrunde"
"2014-07-13";"AUS";"ESP";NA;"WM 2014";"Brasilien";"Endrunde"
"2014-07-13";"BEL";"ESP";NA;"WM 2014";"Brasilien";"Endrunde"
"2014-07-13";"BIH";"ESP";NA;"WM 2014";"Brasilien";"Endrunde"
"2014-07-13";"BRA";"ESP";NA;"WM 2014";"Brasilien";"Endrunde"
"2014-07-13";"CHE";"ESP";NA;"WM 2014";"Brasilien";"Endrunde"
"2014-07-13";"CHL";"ESP";NA;"WM 2014";"Brasilien";"Endrunde"
"2014-07-13";"CIV";"ESP";NA;"WM 2014";"Brasilien";"Endrunde"
"2014-07-13";"CMR";"ESP";NA;"WM 2014";"Brasilien";"Endrunde"
"2014-07-13";"COL";"ESP";NA;"WM 2014";"Brasilien";"Endrunde"
"2014-07-13";"CRI";"ESP";NA;"WM 2014";"Brasilien";"Endrunde"
"2014-07-13";"DEU";"ESP";NA;"WM 2014";"Brasilien";"Endrunde"
"2014-07-13";"DZA";"ESP";NA;"WM 2014";"Brasilien";"Endrunde"
"2014-07-13";"ECU";"ESP";NA;"WM 2014";"Brasilien";"Endrunde"
"2014-07-13";"ENG";"ESP";NA;"WM 2014";"Brasilien";"Endrunde"
"2014-07-13";"ESP";"ESP";NA;"WM 2014";"Brasilien";"Endrunde"
"2014-07-13";"FRA";"ESP";NA;"WM 2014";"Brasilien";"Endrunde"
"2014-07-13";"GHA";"ESP";NA;"WM 2014";"Brasilien";"Endrunde"
"2014-07-13";"GRC";"ESP";NA;"WM 2014";"Brasilien";"Endrunde"
"2014-07-13";"HND";"ESP";NA;"WM 2014";"Brasilien";"Endrunde"
"2014-07-13";"HRV";"ESP";NA;"WM 2014";"Brasilien";"Endrunde"
"2014-07-13";"IRN";"ESP";NA;"WM 2014";"Brasilien";"Endrunde"
"2014-07-13";"ITA";"ESP";NA;"WM 2014";"Brasilien";"Endrunde"
"2014-07-13";"JPN";"ESP";NA;"WM 2014";"Brasilien";"Endrunde"
"2014-07-13";"KOR";"ESP";NA;"WM 2014";"Brasilien";"Endrunde"
"2014-07-13";"MEX";"ESP";NA;"WM 2014";"Brasilien";"Endrunde"
"2014-07-13";"NGA";"ESP";NA;"WM 2014";"Brasilien";"Endrunde"
"2014-07-13";"NLD";"ESP";NA;"WM 2014";"Brasilien";"Endrunde"
"2014-07-13";"PRT";"ESP";NA;"WM 2014";"Brasilien";"Endrunde"
"2014-07-13";"RUS";"ESP";NA;"WM 2014";"Brasilien";"Endrunde"
"2014-07-13";"URY";"ESP";NA;"WM 2014";"Brasilien";"Endrunde"
"2014-07-13";"USA";"ESP";NA;"WM 2014";"Brasilien";"Endrunde"
"2014-07-13";"ARG";"FRA";NA;"WM 2014";"Brasilien";"Endrunde"
"2014-07-13";"AUS";"FRA";NA;"WM 2014";"Brasilien";"Endrunde"
"2014-07-13";"BEL";"FRA";NA;"WM 2014";"Brasilien";"Endrunde"
"2014-07-13";"BIH";"FRA";NA;"WM 2014";"Brasilien";"Endrunde"
"2014-07-13";"BRA";"FRA";NA;"WM 2014";"Brasilien";"Endrunde"
"2014-07-13";"CHE";"FRA";NA;"WM 2014";"Brasilien";"Endrunde"
"2014-07-13";"CHL";"FRA";NA;"WM 2014";"Brasilien";"Endrunde"
"2014-07-13";"CIV";"FRA";NA;"WM 2014";"Brasilien";"Endrunde"
"2014-07-13";"CMR";"FRA";NA;"WM 2014";"Brasilien";"Endrunde"
"2014-07-13";"COL";"FRA";NA;"WM 2014";"Brasilien";"Endrunde"
"2014-07-13";"CRI";"FRA";NA;"WM 2014";"Brasilien";"Endrunde"
"2014-07-13";"DEU";"FRA";NA;"WM 2014";"Brasilien";"Endrunde"
"2014-07-13";"DZA";"FRA";NA;"WM 2014";"Brasilien";"Endrunde"
"2014-07-13";"ECU";"FRA";NA;"WM 2014";"Brasilien";"Endrunde"
"2014-07-13";"ENG";"FRA";NA;"WM 2014";"Brasilien";"Endrunde"
"2014-07-13";"ESP";"FRA";NA;"WM 2014";"Brasilien";"Endrunde"
"2014-07-13";"FRA";"FRA";NA;"WM 2014";"Brasilien";"Endrunde"
"2014-07-13";"GHA";"FRA";NA;"WM 2014";"Brasilien";"Endrunde"
"2014-07-13";"GRC";"FRA";NA;"WM 2014";"Brasilien";"Endrunde"
"2014-07-13";"HND";"FRA";NA;"WM 2014";"Brasilien";"Endrunde"
"2014-07-13";"HRV";"FRA";NA;"WM 2014";"Brasilien";"Endrunde"
"2014-07-13";"IRN";"FRA";NA;"WM 2014";"Brasilien";"Endrunde"
"2014-07-13";"ITA";"FRA";NA;"WM 2014";"Brasilien";"Endrunde"
"2014-07-13";"JPN";"FRA";NA;"WM 2014";"Brasilien";"Endrunde"
"2014-07-13";"KOR";"FRA";NA;"WM 2014";"Brasilien";"Endrunde"
"2014-07-13";"MEX";"FRA";NA;"WM 2014";"Brasilien";"Endrunde"
"2014-07-13";"NGA";"FRA";NA;"WM 2014";"Brasilien";"Endrunde"
"2014-07-13";"NLD";"FRA";NA;"WM 2014";"Brasilien";"Endrunde"
"2014-07-13";"PRT";"FRA";NA;"WM 2014";"Brasilien";"Endrunde"
"2014-07-13";"RUS";"FRA";NA;"WM 2014";"Brasilien";"Endrunde"
"2014-07-13";"URY";"FRA";NA;"WM 2014";"Brasilien";"Endrunde"
"2014-07-13";"USA";"FRA";NA;"WM 2014";"Brasilien";"Endrunde"
"2014-07-13";"ARG";"GHA";NA;"WM 2014";"Brasilien";"Endrunde"
"2014-07-13";"AUS";"GHA";NA;"WM 2014";"Brasilien";"Endrunde"
"2014-07-13";"BEL";"GHA";NA;"WM 2014";"Brasilien";"Endrunde"
"2014-07-13";"BIH";"GHA";NA;"WM 2014";"Brasilien";"Endrunde"
"2014-07-13";"BRA";"GHA";NA;"WM 2014";"Brasilien";"Endrunde"
"2014-07-13";"CHE";"GHA";NA;"WM 2014";"Brasilien";"Endrunde"
"2014-07-13";"CHL";"GHA";NA;"WM 2014";"Brasilien";"Endrunde"
"2014-07-13";"CIV";"GHA";NA;"WM 2014";"Brasilien";"Endrunde"
"2014-07-13";"CMR";"GHA";NA;"WM 2014";"Brasilien";"Endrunde"
"2014-07-13";"COL";"GHA";NA;"WM 2014";"Brasilien";"Endrunde"
"2014-07-13";"CRI";"GHA";NA;"WM 2014";"Brasilien";"Endrunde"
"2014-07-13";"DEU";"GHA";NA;"WM 2014";"Brasilien";"Endrunde"
"2014-07-13";"DZA";"GHA";NA;"WM 2014";"Brasilien";"Endrunde"
"2014-07-13";"ECU";"GHA";NA;"WM 2014";"Brasilien";"Endrunde"
"2014-07-13";"ENG";"GHA";NA;"WM 2014";"Brasilien";"Endrunde"
"2014-07-13";"ESP";"GHA";NA;"WM 2014";"Brasilien";"Endrunde"
"2014-07-13";"FRA";"GHA";NA;"WM 2014";"Brasilien";"Endrunde"
"2014-07-13";"GHA";"GHA";NA;"WM 2014";"Brasilien";"Endrunde"
"2014-07-13";"GRC";"GHA";NA;"WM 2014";"Brasilien";"Endrunde"
"2014-07-13";"HND";"GHA";NA;"WM 2014";"Brasilien";"Endrunde"
"2014-07-13";"HRV";"GHA";NA;"WM 2014";"Brasilien";"Endrunde"
"2014-07-13";"IRN";"GHA";NA;"WM 2014";"Brasilien";"Endrunde"
"2014-07-13";"ITA";"GHA";NA;"WM 2014";"Brasilien";"Endrunde"
"2014-07-13";"JPN";"GHA";NA;"WM 2014";"Brasilien";"Endrunde"
"2014-07-13";"KOR";"GHA";NA;"WM 2014";"Brasilien";"Endrunde"
"2014-07-13";"MEX";"GHA";NA;"WM 2014";"Brasilien";"Endrunde"
"2014-07-13";"NGA";"GHA";NA;"WM 2014";"Brasilien";"Endrunde"
"2014-07-13";"NLD";"GHA";NA;"WM 2014";"Brasilien";"Endrunde"
"2014-07-13";"PRT";"GHA";NA;"WM 2014";"Brasilien";"Endrunde"
"2014-07-13";"RUS";"GHA";NA;"WM 2014";"Brasilien";"Endrunde"
"2014-07-13";"URY";"GHA";NA;"WM 2014";"Brasilien";"Endrunde"
"2014-07-13";"USA";"GHA";NA;"WM 2014";"Brasilien";"Endrunde"
"2014-07-13";"ARG";"GRC";NA;"WM 2014";"Brasilien";"Endrunde"
"2014-07-13";"AUS";"GRC";NA;"WM 2014";"Brasilien";"Endrunde"
"2014-07-13";"BEL";"GRC";NA;"WM 2014";"Brasilien";"Endrunde"
"2014-07-13";"BIH";"GRC";NA;"WM 2014";"Brasilien";"Endrunde"
"2014-07-13";"BRA";"GRC";NA;"WM 2014";"Brasilien";"Endrunde"
"2014-07-13";"CHE";"GRC";NA;"WM 2014";"Brasilien";"Endrunde"
"2014-07-13";"CHL";"GRC";NA;"WM 2014";"Brasilien";"Endrunde"
"2014-07-13";"CIV";"GRC";NA;"WM 2014";"Brasilien";"Endrunde"
"2014-07-13";"CMR";"GRC";NA;"WM 2014";"Brasilien";"Endrunde"
"2014-07-13";"COL";"GRC";NA;"WM 2014";"Brasilien";"Endrunde"
"2014-07-13";"CRI";"GRC";NA;"WM 2014";"Brasilien";"Endrunde"
"2014-07-13";"DEU";"GRC";NA;"WM 2014";"Brasilien";"Endrunde"
"2014-07-13";"DZA";"GRC";NA;"WM 2014";"Brasilien";"Endrunde"
"2014-07-13";"ECU";"GRC";NA;"WM 2014";"Brasilien";"Endrunde"
"2014-07-13";"ENG";"GRC";NA;"WM 2014";"Brasilien";"Endrunde"
"2014-07-13";"ESP";"GRC";NA;"WM 2014";"Brasilien";"Endrunde"
"2014-07-13";"FRA";"GRC";NA;"WM 2014";"Brasilien";"Endrunde"
"2014-07-13";"GHA";"GRC";NA;"WM 2014";"Brasilien";"Endrunde"
"2014-07-13";"GRC";"GRC";NA;"WM 2014";"Brasilien";"Endrunde"
"2014-07-13";"HND";"GRC";NA;"WM 2014";"Brasilien";"Endrunde"
"2014-07-13";"HRV";"GRC";NA;"WM 2014";"Brasilien";"Endrunde"
"2014-07-13";"IRN";"GRC";NA;"WM 2014";"Brasilien";"Endrunde"
"2014-07-13";"ITA";"GRC";NA;"WM 2014";"Brasilien";"Endrunde"
"2014-07-13";"JPN";"GRC";NA;"WM 2014";"Brasilien";"Endrunde"
"2014-07-13";"KOR";"GRC";NA;"WM 2014";"Brasilien";"Endrunde"
"2014-07-13";"MEX";"GRC";NA;"WM 2014";"Brasilien";"Endrunde"
"2014-07-13";"NGA";"GRC";NA;"WM 2014";"Brasilien";"Endrunde"
"2014-07-13";"NLD";"GRC";NA;"WM 2014";"Brasilien";"Endrunde"
"2014-07-13";"PRT";"GRC";NA;"WM 2014";"Brasilien";"Endrunde"
"2014-07-13";"RUS";"GRC";NA;"WM 2014";"Brasilien";"Endrunde"
"2014-07-13";"URY";"GRC";NA;"WM 2014";"Brasilien";"Endrunde"
"2014-07-13";"USA";"GRC";NA;"WM 2014";"Brasilien";"Endrunde"
"2014-07-13";"ARG";"HND";NA;"WM 2014";"Brasilien";"Endrunde"
"2014-07-13";"AUS";"HND";NA;"WM 2014";"Brasilien";"Endrunde"
"2014-07-13";"BEL";"HND";NA;"WM 2014";"Brasilien";"Endrunde"
"2014-07-13";"BIH";"HND";NA;"WM 2014";"Brasilien";"Endrunde"
"2014-07-13";"BRA";"HND";NA;"WM 2014";"Brasilien";"Endrunde"
"2014-07-13";"CHE";"HND";NA;"WM 2014";"Brasilien";"Endrunde"
"2014-07-13";"CHL";"HND";NA;"WM 2014";"Brasilien";"Endrunde"
"2014-07-13";"CIV";"HND";NA;"WM 2014";"Brasilien";"Endrunde"
"2014-07-13";"CMR";"HND";NA;"WM 2014";"Brasilien";"Endrunde"
"2014-07-13";"COL";"HND";NA;"WM 2014";"Brasilien";"Endrunde"
"2014-07-13";"CRI";"HND";NA;"WM 2014";"Brasilien";"Endrunde"
"2014-07-13";"DEU";"HND";NA;"WM 2014";"Brasilien";"Endrunde"
"2014-07-13";"DZA";"HND";NA;"WM 2014";"Brasilien";"Endrunde"
"2014-07-13";"ECU";"HND";NA;"WM 2014";"Brasilien";"Endrunde"
"2014-07-13";"ENG";"HND";NA;"WM 2014";"Brasilien";"Endrunde"
"2014-07-13";"ESP";"HND";NA;"WM 2014";"Brasilien";"Endrunde"
"2014-07-13";"FRA";"HND";NA;"WM 2014";"Brasilien";"Endrunde"
"2014-07-13";"GHA";"HND";NA;"WM 2014";"Brasilien";"Endrunde"
"2014-07-13";"GRC";"HND";NA;"WM 2014";"Brasilien";"Endrunde"
"2014-07-13";"HND";"HND";NA;"WM 2014";"Brasilien";"Endrunde"
"2014-07-13";"HRV";"HND";NA;"WM 2014";"Brasilien";"Endrunde"
"2014-07-13";"IRN";"HND";NA;"WM 2014";"Brasilien";"Endrunde"
"2014-07-13";"ITA";"HND";NA;"WM 2014";"Brasilien";"Endrunde"
"2014-07-13";"JPN";"HND";NA;"WM 2014";"Brasilien";"Endrunde"
"2014-07-13";"KOR";"HND";NA;"WM 2014";"Brasilien";"Endrunde"
"2014-07-13";"MEX";"HND";NA;"WM 2014";"Brasilien";"Endrunde"
"2014-07-13";"NGA";"HND";NA;"WM 2014";"Brasilien";"Endrunde"
"2014-07-13";"NLD";"HND";NA;"WM 2014";"Brasilien";"Endrunde"
"2014-07-13";"PRT";"HND";NA;"WM 2014";"Brasilien";"Endrunde"
"2014-07-13";"RUS";"HND";NA;"WM 2014";"Brasilien";"Endrunde"
"2014-07-13";"URY";"HND";NA;"WM 2014";"Brasilien";"Endrunde"
"2014-07-13";"USA";"HND";NA;"WM 2014";"Brasilien";"Endrunde"
"2014-07-13";"ARG";"HRV";NA;"WM 2014";"Brasilien";"Endrunde"
"2014-07-13";"AUS";"HRV";NA;"WM 2014";"Brasilien";"Endrunde"
"2014-07-13";"BEL";"HRV";NA;"WM 2014";"Brasilien";"Endrunde"
"2014-07-13";"BIH";"HRV";NA;"WM 2014";"Brasilien";"Endrunde"
"2014-07-13";"BRA";"HRV";NA;"WM 2014";"Brasilien";"Endrunde"
"2014-07-13";"CHE";"HRV";NA;"WM 2014";"Brasilien";"Endrunde"
"2014-07-13";"CHL";"HRV";NA;"WM 2014";"Brasilien";"Endrunde"
"2014-07-13";"CIV";"HRV";NA;"WM 2014";"Brasilien";"Endrunde"
"2014-07-13";"CMR";"HRV";NA;"WM 2014";"Brasilien";"Endrunde"
"2014-07-13";"COL";"HRV";NA;"WM 2014";"Brasilien";"Endrunde"
"2014-07-13";"CRI";"HRV";NA;"WM 2014";"Brasilien";"Endrunde"
"2014-07-13";"DEU";"HRV";NA;"WM 2014";"Brasilien";"Endrunde"
"2014-07-13";"DZA";"HRV";NA;"WM 2014";"Brasilien";"Endrunde"
"2014-07-13";"ECU";"HRV";NA;"WM 2014";"Brasilien";"Endrunde"
"2014-07-13";"ENG";"HRV";NA;"WM 2014";"Brasilien";"Endrunde"
"2014-07-13";"ESP";"HRV";NA;"WM 2014";"Brasilien";"Endrunde"
"2014-07-13";"FRA";"HRV";NA;"WM 2014";"Brasilien";"Endrunde"
"2014-07-13";"GHA";"HRV";NA;"WM 2014";"Brasilien";"Endrunde"
"2014-07-13";"GRC";"HRV";NA;"WM 2014";"Brasilien";"Endrunde"
"2014-07-13";"HND";"HRV";NA;"WM 2014";"Brasilien";"Endrunde"
"2014-07-13";"HRV";"HRV";NA;"WM 2014";"Brasilien";"Endrunde"
"2014-07-13";"IRN";"HRV";NA;"WM 2014";"Brasilien";"Endrunde"
"2014-07-13";"ITA";"HRV";NA;"WM 2014";"Brasilien";"Endrunde"
"2014-07-13";"JPN";"HRV";NA;"WM 2014";"Brasilien";"Endrunde"
"2014-07-13";"KOR";"HRV";NA;"WM 2014";"Brasilien";"Endrunde"
"2014-07-13";"MEX";"HRV";NA;"WM 2014";"Brasilien";"Endrunde"
"2014-07-13";"NGA";"HRV";NA;"WM 2014";"Brasilien";"Endrunde"
"2014-07-13";"NLD";"HRV";NA;"WM 2014";"Brasilien";"Endrunde"
"2014-07-13";"PRT";"HRV";NA;"WM 2014";"Brasilien";"Endrunde"
"2014-07-13";"RUS";"HRV";NA;"WM 2014";"Brasilien";"Endrunde"
"2014-07-13";"URY";"HRV";NA;"WM 2014";"Brasilien";"Endrunde"
"2014-07-13";"USA";"HRV";NA;"WM 2014";"Brasilien";"Endrunde"
"2014-07-13";"ARG";"IRN";NA;"WM 2014";"Brasilien";"Endrunde"
"2014-07-13";"AUS";"IRN";NA;"WM 2014";"Brasilien";"Endrunde"
"2014-07-13";"BEL";"IRN";NA;"WM 2014";"Brasilien";"Endrunde"
"2014-07-13";"BIH";"IRN";NA;"WM 2014";"Brasilien";"Endrunde"
"2014-07-13";"BRA";"IRN";NA;"WM 2014";"Brasilien";"Endrunde"
"2014-07-13";"CHE";"IRN";NA;"WM 2014";"Brasilien";"Endrunde"
"2014-07-13";"CHL";"IRN";NA;"WM 2014";"Brasilien";"Endrunde"
"2014-07-13";"CIV";"IRN";NA;"WM 2014";"Brasilien";"Endrunde"
"2014-07-13";"CMR";"IRN";NA;"WM 2014";"Brasilien";"Endrunde"
"2014-07-13";"COL";"IRN";NA;"WM 2014";"Brasilien";"Endrunde"
"2014-07-13";"CRI";"IRN";NA;"WM 2014";"Brasilien";"Endrunde"
"2014-07-13";"DEU";"IRN";NA;"WM 2014";"Brasilien";"Endrunde"
"2014-07-13";"DZA";"IRN";NA;"WM 2014";"Brasilien";"Endrunde"
"2014-07-13";"ECU";"IRN";NA;"WM 2014";"Brasilien";"Endrunde"
"2014-07-13";"ENG";"IRN";NA;"WM 2014";"Brasilien";"Endrunde"
"2014-07-13";"ESP";"IRN";NA;"WM 2014";"Brasilien";"Endrunde"
"2014-07-13";"FRA";"IRN";NA;"WM 2014";"Brasilien";"Endrunde"
"2014-07-13";"GHA";"IRN";NA;"WM 2014";"Brasilien";"Endrunde"
"2014-07-13";"GRC";"IRN";NA;"WM 2014";"Brasilien";"Endrunde"
"2014-07-13";"HND";"IRN";NA;"WM 2014";"Brasilien";"Endrunde"
"2014-07-13";"HRV";"IRN";NA;"WM 2014";"Brasilien";"Endrunde"
"2014-07-13";"IRN";"IRN";NA;"WM 2014";"Brasilien";"Endrunde"
"2014-07-13";"ITA";"IRN";NA;"WM 2014";"Brasilien";"Endrunde"
"2014-07-13";"JPN";"IRN";NA;"WM 2014";"Brasilien";"Endrunde"
"2014-07-13";"KOR";"IRN";NA;"WM 2014";"Brasilien";"Endrunde"
"2014-07-13";"MEX";"IRN";NA;"WM 2014";"Brasilien";"Endrunde"
"2014-07-13";"NGA";"IRN";NA;"WM 2014";"Brasilien";"Endrunde"
"2014-07-13";"NLD";"IRN";NA;"WM 2014";"Brasilien";"Endrunde"
"2014-07-13";"PRT";"IRN";NA;"WM 2014";"Brasilien";"Endrunde"
"2014-07-13";"RUS";"IRN";NA;"WM 2014";"Brasilien";"Endrunde"
"2014-07-13";"URY";"IRN";NA;"WM 2014";"Brasilien";"Endrunde"
"2014-07-13";"USA";"IRN";NA;"WM 2014";"Brasilien";"Endrunde"
"2014-07-13";"ARG";"ITA";NA;"WM 2014";"Brasilien";"Endrunde"
"2014-07-13";"AUS";"ITA";NA;"WM 2014";"Brasilien";"Endrunde"
"2014-07-13";"BEL";"ITA";NA;"WM 2014";"Brasilien";"Endrunde"
"2014-07-13";"BIH";"ITA";NA;"WM 2014";"Brasilien";"Endrunde"
"2014-07-13";"BRA";"ITA";NA;"WM 2014";"Brasilien";"Endrunde"
"2014-07-13";"CHE";"ITA";NA;"WM 2014";"Brasilien";"Endrunde"
"2014-07-13";"CHL";"ITA";NA;"WM 2014";"Brasilien";"Endrunde"
"2014-07-13";"CIV";"ITA";NA;"WM 2014";"Brasilien";"Endrunde"
"2014-07-13";"CMR";"ITA";NA;"WM 2014";"Brasilien";"Endrunde"
"2014-07-13";"COL";"ITA";NA;"WM 2014";"Brasilien";"Endrunde"
"2014-07-13";"CRI";"ITA";NA;"WM 2014";"Brasilien";"Endrunde"
"2014-07-13";"DEU";"ITA";NA;"WM 2014";"Brasilien";"Endrunde"
"2014-07-13";"DZA";"ITA";NA;"WM 2014";"Brasilien";"Endrunde"
"2014-07-13";"ECU";"ITA";NA;"WM 2014";"Brasilien";"Endrunde"
"2014-07-13";"ENG";"ITA";NA;"WM 2014";"Brasilien";"Endrunde"
"2014-07-13";"ESP";"ITA";NA;"WM 2014";"Brasilien";"Endrunde"
"2014-07-13";"FRA";"ITA";NA;"WM 2014";"Brasilien";"Endrunde"
"2014-07-13";"GHA";"ITA";NA;"WM 2014";"Brasilien";"Endrunde"
"2014-07-13";"GRC";"ITA";NA;"WM 2014";"Brasilien";"Endrunde"
"2014-07-13";"HND";"ITA";NA;"WM 2014";"Brasilien";"Endrunde"
"2014-07-13";"HRV";"ITA";NA;"WM 2014";"Brasilien";"Endrunde"
"2014-07-13";"IRN";"ITA";NA;"WM 2014";"Brasilien";"Endrunde"
"2014-07-13";"ITA";"ITA";NA;"WM 2014";"Brasilien";"Endrunde"
"2014-07-13";"JPN";"ITA";NA;"WM 2014";"Brasilien";"Endrunde"
"2014-07-13";"KOR";"ITA";NA;"WM 2014";"Brasilien";"Endrunde"
"2014-07-13";"MEX";"ITA";NA;"WM 2014";"Brasilien";"Endrunde"
"2014-07-13";"NGA";"ITA";NA;"WM 2014";"Brasilien";"Endrunde"
"2014-07-13";"NLD";"ITA";NA;"WM 2014";"Brasilien";"Endrunde"
"2014-07-13";"PRT";"ITA";NA;"WM 2014";"Brasilien";"Endrunde"
"2014-07-13";"RUS";"ITA";NA;"WM 2014";"Brasilien";"Endrunde"
"2014-07-13";"URY";"ITA";NA;"WM 2014";"Brasilien";"Endrunde"
"2014-07-13";"USA";"ITA";NA;"WM 2014";"Brasilien";"Endrunde"
"2014-07-13";"ARG";"JPN";NA;"WM 2014";"Brasilien";"Endrunde"
"2014-07-13";"AUS";"JPN";NA;"WM 2014";"Brasilien";"Endrunde"
"2014-07-13";"BEL";"JPN";NA;"WM 2014";"Brasilien";"Endrunde"
"2014-07-13";"BIH";"JPN";NA;"WM 2014";"Brasilien";"Endrunde"
"2014-07-13";"BRA";"JPN";NA;"WM 2014";"Brasilien";"Endrunde"
"2014-07-13";"CHE";"JPN";NA;"WM 2014";"Brasilien";"Endrunde"
"2014-07-13";"CHL";"JPN";NA;"WM 2014";"Brasilien";"Endrunde"
"2014-07-13";"CIV";"JPN";NA;"WM 2014";"Brasilien";"Endrunde"
"2014-07-13";"CMR";"JPN";NA;"WM 2014";"Brasilien";"Endrunde"
"2014-07-13";"COL";"JPN";NA;"WM 2014";"Brasilien";"Endrunde"
"2014-07-13";"CRI";"JPN";NA;"WM 2014";"Brasilien";"Endrunde"
"2014-07-13";"DEU";"JPN";NA;"WM 2014";"Brasilien";"Endrunde"
"2014-07-13";"DZA";"JPN";NA;"WM 2014";"Brasilien";"Endrunde"
"2014-07-13";"ECU";"JPN";NA;"WM 2014";"Brasilien";"Endrunde"
"2014-07-13";"ENG";"JPN";NA;"WM 2014";"Brasilien";"Endrunde"
"2014-07-13";"ESP";"JPN";NA;"WM 2014";"Brasilien";"Endrunde"
"2014-07-13";"FRA";"JPN";NA;"WM 2014";"Brasilien";"Endrunde"
"2014-07-13";"GHA";"JPN";NA;"WM 2014";"Brasilien";"Endrunde"
"2014-07-13";"GRC";"JPN";NA;"WM 2014";"Brasilien";"Endrunde"
"2014-07-13";"HND";"JPN";NA;"WM 2014";"Brasilien";"Endrunde"
"2014-07-13";"HRV";"JPN";NA;"WM 2014";"Brasilien";"Endrunde"
"2014-07-13";"IRN";"JPN";NA;"WM 2014";"Brasilien";"Endrunde"
"2014-07-13";"ITA";"JPN";NA;"WM 2014";"Brasilien";"Endrunde"
"2014-07-13";"JPN";"JPN";NA;"WM 2014";"Brasilien";"Endrunde"
"2014-07-13";"KOR";"JPN";NA;"WM 2014";"Brasilien";"Endrunde"
"2014-07-13";"MEX";"JPN";NA;"WM 2014";"Brasilien";"Endrunde"
"2014-07-13";"NGA";"JPN";NA;"WM 2014";"Brasilien";"Endrunde"
"2014-07-13";"NLD";"JPN";NA;"WM 2014";"Brasilien";"Endrunde"
"2014-07-13";"PRT";"JPN";NA;"WM 2014";"Brasilien";"Endrunde"
"2014-07-13";"RUS";"JPN";NA;"WM 2014";"Brasilien";"Endrunde"
"2014-07-13";"URY";"JPN";NA;"WM 2014";"Brasilien";"Endrunde"
"2014-07-13";"USA";"JPN";NA;"WM 2014";"Brasilien";"Endrunde"
"2014-07-13";"ARG";"KOR";NA;"WM 2014";"Brasilien";"Endrunde"
"2014-07-13";"AUS";"KOR";NA;"WM 2014";"Brasilien";"Endrunde"
"2014-07-13";"BEL";"KOR";NA;"WM 2014";"Brasilien";"Endrunde"
"2014-07-13";"BIH";"KOR";NA;"WM 2014";"Brasilien";"Endrunde"
"2014-07-13";"BRA";"KOR";NA;"WM 2014";"Brasilien";"Endrunde"
"2014-07-13";"CHE";"KOR";NA;"WM 2014";"Brasilien";"Endrunde"
"2014-07-13";"CHL";"KOR";NA;"WM 2014";"Brasilien";"Endrunde"
"2014-07-13";"CIV";"KOR";NA;"WM 2014";"Brasilien";"Endrunde"
"2014-07-13";"CMR";"KOR";NA;"WM 2014";"Brasilien";"Endrunde"
"2014-07-13";"COL";"KOR";NA;"WM 2014";"Brasilien";"Endrunde"
"2014-07-13";"CRI";"KOR";NA;"WM 2014";"Brasilien";"Endrunde"
"2014-07-13";"DEU";"KOR";NA;"WM 2014";"Brasilien";"Endrunde"
"2014-07-13";"DZA";"KOR";NA;"WM 2014";"Brasilien";"Endrunde"
"2014-07-13";"ECU";"KOR";NA;"WM 2014";"Brasilien";"Endrunde"
"2014-07-13";"ENG";"KOR";NA;"WM 2014";"Brasilien";"Endrunde"
"2014-07-13";"ESP";"KOR";NA;"WM 2014";"Brasilien";"Endrunde"
"2014-07-13";"FRA";"KOR";NA;"WM 2014";"Brasilien";"Endrunde"
"2014-07-13";"GHA";"KOR";NA;"WM 2014";"Brasilien";"Endrunde"
"2014-07-13";"GRC";"KOR";NA;"WM 2014";"Brasilien";"Endrunde"
"2014-07-13";"HND";"KOR";NA;"WM 2014";"Brasilien";"Endrunde"
"2014-07-13";"HRV";"KOR";NA;"WM 2014";"Brasilien";"Endrunde"
"2014-07-13";"IRN";"KOR";NA;"WM 2014";"Brasilien";"Endrunde"
"2014-07-13";"ITA";"KOR";NA;"WM 2014";"Brasilien";"Endrunde"
"2014-07-13";"JPN";"KOR";NA;"WM 2014";"Brasilien";"Endrunde"
"2014-07-13";"KOR";"KOR";NA;"WM 2014";"Brasilien";"Endrunde"
"2014-07-13";"MEX";"KOR";NA;"WM 2014";"Brasilien";"Endrunde"
"2014-07-13";"NGA";"KOR";NA;"WM 2014";"Brasilien";"Endrunde"
"2014-07-13";"NLD";"KOR";NA;"WM 2014";"Brasilien";"Endrunde"
"2014-07-13";"PRT";"KOR";NA;"WM 2014";"Brasilien";"Endrunde"
"2014-07-13";"RUS";"KOR";NA;"WM 2014";"Brasilien";"Endrunde"
"2014-07-13";"URY";"KOR";NA;"WM 2014";"Brasilien";"Endrunde"
"2014-07-13";"USA";"KOR";NA;"WM 2014";"Brasilien";"Endrunde"
"2014-07-13";"ARG";"MEX";NA;"WM 2014";"Brasilien";"Endrunde"
"2014-07-13";"AUS";"MEX";NA;"WM 2014";"Brasilien";"Endrunde"
"2014-07-13";"BEL";"MEX";NA;"WM 2014";"Brasilien";"Endrunde"
"2014-07-13";"BIH";"MEX";NA;"WM 2014";"Brasilien";"Endrunde"
"2014-07-13";"BRA";"MEX";NA;"WM 2014";"Brasilien";"Endrunde"
"2014-07-13";"CHE";"MEX";NA;"WM 2014";"Brasilien";"Endrunde"
"2014-07-13";"CHL";"MEX";NA;"WM 2014";"Brasilien";"Endrunde"
"2014-07-13";"CIV";"MEX";NA;"WM 2014";"Brasilien";"Endrunde"
"2014-07-13";"CMR";"MEX";NA;"WM 2014";"Brasilien";"Endrunde"
"2014-07-13";"COL";"MEX";NA;"WM 2014";"Brasilien";"Endrunde"
"2014-07-13";"CRI";"MEX";NA;"WM 2014";"Brasilien";"Endrunde"
"2014-07-13";"DEU";"MEX";NA;"WM 2014";"Brasilien";"Endrunde"
"2014-07-13";"DZA";"MEX";NA;"WM 2014";"Brasilien";"Endrunde"
"2014-07-13";"ECU";"MEX";NA;"WM 2014";"Brasilien";"Endrunde"
"2014-07-13";"ENG";"MEX";NA;"WM 2014";"Brasilien";"Endrunde"
"2014-07-13";"ESP";"MEX";NA;"WM 2014";"Brasilien";"Endrunde"
"2014-07-13";"FRA";"MEX";NA;"WM 2014";"Brasilien";"Endrunde"
"2014-07-13";"GHA";"MEX";NA;"WM 2014";"Brasilien";"Endrunde"
"2014-07-13";"GRC";"MEX";NA;"WM 2014";"Brasilien";"Endrunde"
"2014-07-13";"HND";"MEX";NA;"WM 2014";"Brasilien";"Endrunde"
"2014-07-13";"HRV";"MEX";NA;"WM 2014";"Brasilien";"Endrunde"
"2014-07-13";"IRN";"MEX";NA;"WM 2014";"Brasilien";"Endrunde"
"2014-07-13";"ITA";"MEX";NA;"WM 2014";"Brasilien";"Endrunde"
"2014-07-13";"JPN";"MEX";NA;"WM 2014";"Brasilien";"Endrunde"
"2014-07-13";"KOR";"MEX";NA;"WM 2014";"Brasilien";"Endrunde"
"2014-07-13";"MEX";"MEX";NA;"WM 2014";"Brasilien";"Endrunde"
"2014-07-13";"NGA";"MEX";NA;"WM 2014";"Brasilien";"Endrunde"
"2014-07-13";"NLD";"MEX";NA;"WM 2014";"Brasilien";"Endrunde"
"2014-07-13";"PRT";"MEX";NA;"WM 2014";"Brasilien";"Endrunde"
"2014-07-13";"RUS";"MEX";NA;"WM 2014";"Brasilien";"Endrunde"
"2014-07-13";"URY";"MEX";NA;"WM 2014";"Brasilien";"Endrunde"
"2014-07-13";"USA";"MEX";NA;"WM 2014";"Brasilien";"Endrunde"
"2014-07-13";"ARG";"NGA";NA;"WM 2014";"Brasilien";"Endrunde"
"2014-07-13";"AUS";"NGA";NA;"WM 2014";"Brasilien";"Endrunde"
"2014-07-13";"BEL";"NGA";NA;"WM 2014";"Brasilien";"Endrunde"
"2014-07-13";"BIH";"NGA";NA;"WM 2014";"Brasilien";"Endrunde"
"2014-07-13";"BRA";"NGA";NA;"WM 2014";"Brasilien";"Endrunde"
"2014-07-13";"CHE";"NGA";NA;"WM 2014";"Brasilien";"Endrunde"
"2014-07-13";"CHL";"NGA";NA;"WM 2014";"Brasilien";"Endrunde"
"2014-07-13";"CIV";"NGA";NA;"WM 2014";"Brasilien";"Endrunde"
"2014-07-13";"CMR";"NGA";NA;"WM 2014";"Brasilien";"Endrunde"
"2014-07-13";"COL";"NGA";NA;"WM 2014";"Brasilien";"Endrunde"
"2014-07-13";"CRI";"NGA";NA;"WM 2014";"Brasilien";"Endrunde"
"2014-07-13";"DEU";"NGA";NA;"WM 2014";"Brasilien";"Endrunde"
"2014-07-13";"DZA";"NGA";NA;"WM 2014";"Brasilien";"Endrunde"
"2014-07-13";"ECU";"NGA";NA;"WM 2014";"Brasilien";"Endrunde"
"2014-07-13";"ENG";"NGA";NA;"WM 2014";"Brasilien";"Endrunde"
"2014-07-13";"ESP";"NGA";NA;"WM 2014";"Brasilien";"Endrunde"
"2014-07-13";"FRA";"NGA";NA;"WM 2014";"Brasilien";"Endrunde"
"2014-07-13";"GHA";"NGA";NA;"WM 2014";"Brasilien";"Endrunde"
"2014-07-13";"GRC";"NGA";NA;"WM 2014";"Brasilien";"Endrunde"
"2014-07-13";"HND";"NGA";NA;"WM 2014";"Brasilien";"Endrunde"
"2014-07-13";"HRV";"NGA";NA;"WM 2014";"Brasilien";"Endrunde"
"2014-07-13";"IRN";"NGA";NA;"WM 2014";"Brasilien";"Endrunde"
"2014-07-13";"ITA";"NGA";NA;"WM 2014";"Brasilien";"Endrunde"
"2014-07-13";"JPN";"NGA";NA;"WM 2014";"Brasilien";"Endrunde"
"2014-07-13";"KOR";"NGA";NA;"WM 2014";"Brasilien";"Endrunde"
"2014-07-13";"MEX";"NGA";NA;"WM 2014";"Brasilien";"Endrunde"
"2014-07-13";"NGA";"NGA";NA;"WM 2014";"Brasilien";"Endrunde"
"2014-07-13";"NLD";"NGA";NA;"WM 2014";"Brasilien";"Endrunde"
"2014-07-13";"PRT";"NGA";NA;"WM 2014";"Brasilien";"Endrunde"
"2014-07-13";"RUS";"NGA";NA;"WM 2014";"Brasilien";"Endrunde"
"2014-07-13";"URY";"NGA";NA;"WM 2014";"Brasilien";"Endrunde"
"2014-07-13";"USA";"NGA";NA;"WM 2014";"Brasilien";"Endrunde"
"2014-07-13";"ARG";"NLD";NA;"WM 2014";"Brasilien";"Endrunde"
"2014-07-13";"AUS";"NLD";NA;"WM 2014";"Brasilien";"Endrunde"
"2014-07-13";"BEL";"NLD";NA;"WM 2014";"Brasilien";"Endrunde"
"2014-07-13";"BIH";"NLD";NA;"WM 2014";"Brasilien";"Endrunde"
"2014-07-13";"BRA";"NLD";NA;"WM 2014";"Brasilien";"Endrunde"
"2014-07-13";"CHE";"NLD";NA;"WM 2014";"Brasilien";"Endrunde"
"2014-07-13";"CHL";"NLD";NA;"WM 2014";"Brasilien";"Endrunde"
"2014-07-13";"CIV";"NLD";NA;"WM 2014";"Brasilien";"Endrunde"
"2014-07-13";"CMR";"NLD";NA;"WM 2014";"Brasilien";"Endrunde"
"2014-07-13";"COL";"NLD";NA;"WM 2014";"Brasilien";"Endrunde"
"2014-07-13";"CRI";"NLD";NA;"WM 2014";"Brasilien";"Endrunde"
"2014-07-13";"DEU";"NLD";NA;"WM 2014";"Brasilien";"Endrunde"
"2014-07-13";"DZA";"NLD";NA;"WM 2014";"Brasilien";"Endrunde"
"2014-07-13";"ECU";"NLD";NA;"WM 2014";"Brasilien";"Endrunde"
"2014-07-13";"ENG";"NLD";NA;"WM 2014";"Brasilien";"Endrunde"
"2014-07-13";"ESP";"NLD";NA;"WM 2014";"Brasilien";"Endrunde"
"2014-07-13";"FRA";"NLD";NA;"WM 2014";"Brasilien";"Endrunde"
"2014-07-13";"GHA";"NLD";NA;"WM 2014";"Brasilien";"Endrunde"
"2014-07-13";"GRC";"NLD";NA;"WM 2014";"Brasilien";"Endrunde"
"2014-07-13";"HND";"NLD";NA;"WM 2014";"Brasilien";"Endrunde"
"2014-07-13";"HRV";"NLD";NA;"WM 2014";"Brasilien";"Endrunde"
"2014-07-13";"IRN";"NLD";NA;"WM 2014";"Brasilien";"Endrunde"
"2014-07-13";"ITA";"NLD";NA;"WM 2014";"Brasilien";"Endrunde"
"2014-07-13";"JPN";"NLD";NA;"WM 2014";"Brasilien";"Endrunde"
"2014-07-13";"KOR";"NLD";NA;"WM 2014";"Brasilien";"Endrunde"
"2014-07-13";"MEX";"NLD";NA;"WM 2014";"Brasilien";"Endrunde"
"2014-07-13";"NGA";"NLD";NA;"WM 2014";"Brasilien";"Endrunde"
"2014-07-13";"NLD";"NLD";NA;"WM 2014";"Brasilien";"Endrunde"
"2014-07-13";"PRT";"NLD";NA;"WM 2014";"Brasilien";"Endrunde"
"2014-07-13";"RUS";"NLD";NA;"WM 2014";"Brasilien";"Endrunde"
"2014-07-13";"URY";"NLD";NA;"WM 2014";"Brasilien";"Endrunde"
"2014-07-13";"USA";"NLD";NA;"WM 2014";"Brasilien";"Endrunde"
"2014-07-13";"ARG";"PRT";NA;"WM 2014";"Brasilien";"Endrunde"
"2014-07-13";"AUS";"PRT";NA;"WM 2014";"Brasilien";"Endrunde"
"2014-07-13";"BEL";"PRT";NA;"WM 2014";"Brasilien";"Endrunde"
"2014-07-13";"BIH";"PRT";NA;"WM 2014";"Brasilien";"Endrunde"
"2014-07-13";"BRA";"PRT";NA;"WM 2014";"Brasilien";"Endrunde"
"2014-07-13";"CHE";"PRT";NA;"WM 2014";"Brasilien";"Endrunde"
"2014-07-13";"CHL";"PRT";NA;"WM 2014";"Brasilien";"Endrunde"
"2014-07-13";"CIV";"PRT";NA;"WM 2014";"Brasilien";"Endrunde"
"2014-07-13";"CMR";"PRT";NA;"WM 2014";"Brasilien";"Endrunde"
"2014-07-13";"COL";"PRT";NA;"WM 2014";"Brasilien";"Endrunde"
"2014-07-13";"CRI";"PRT";NA;"WM 2014";"Brasilien";"Endrunde"
"2014-07-13";"DEU";"PRT";NA;"WM 2014";"Brasilien";"Endrunde"
"2014-07-13";"DZA";"PRT";NA;"WM 2014";"Brasilien";"Endrunde"
"2014-07-13";"ECU";"PRT";NA;"WM 2014";"Brasilien";"Endrunde"
"2014-07-13";"ENG";"PRT";NA;"WM 2014";"Brasilien";"Endrunde"
"2014-07-13";"ESP";"PRT";NA;"WM 2014";"Brasilien";"Endrunde"
"2014-07-13";"FRA";"PRT";NA;"WM 2014";"Brasilien";"Endrunde"
"2014-07-13";"GHA";"PRT";NA;"WM 2014";"Brasilien";"Endrunde"
"2014-07-13";"GRC";"PRT";NA;"WM 2014";"Brasilien";"Endrunde"
"2014-07-13";"HND";"PRT";NA;"WM 2014";"Brasilien";"Endrunde"
"2014-07-13";"HRV";"PRT";NA;"WM 2014";"Brasilien";"Endrunde"
"2014-07-13";"IRN";"PRT";NA;"WM 2014";"Brasilien";"Endrunde"
"2014-07-13";"ITA";"PRT";NA;"WM 2014";"Brasilien";"Endrunde"
"2014-07-13";"JPN";"PRT";NA;"WM 2014";"Brasilien";"Endrunde"
"2014-07-13";"KOR";"PRT";NA;"WM 2014";"Brasilien";"Endrunde"
"2014-07-13";"MEX";"PRT";NA;"WM 2014";"Brasilien";"Endrunde"
"2014-07-13";"NGA";"PRT";NA;"WM 2014";"Brasilien";"Endrunde"
"2014-07-13";"NLD";"PRT";NA;"WM 2014";"Brasilien";"Endrunde"
"2014-07-13";"PRT";"PRT";NA;"WM 2014";"Brasilien";"Endrunde"
"2014-07-13";"RUS";"PRT";NA;"WM 2014";"Brasilien";"Endrunde"
"2014-07-13";"URY";"PRT";NA;"WM 2014";"Brasilien";"Endrunde"
"2014-07-13";"USA";"PRT";NA;"WM 2014";"Brasilien";"Endrunde"
"2014-07-13";"ARG";"RUS";NA;"WM 2014";"Brasilien";"Endrunde"
"2014-07-13";"AUS";"RUS";NA;"WM 2014";"Brasilien";"Endrunde"
"2014-07-13";"BEL";"RUS";NA;"WM 2014";"Brasilien";"Endrunde"
"2014-07-13";"BIH";"RUS";NA;"WM 2014";"Brasilien";"Endrunde"
"2014-07-13";"BRA";"RUS";NA;"WM 2014";"Brasilien";"Endrunde"
"2014-07-13";"CHE";"RUS";NA;"WM 2014";"Brasilien";"Endrunde"
"2014-07-13";"CHL";"RUS";NA;"WM 2014";"Brasilien";"Endrunde"
"2014-07-13";"CIV";"RUS";NA;"WM 2014";"Brasilien";"Endrunde"
"2014-07-13";"CMR";"RUS";NA;"WM 2014";"Brasilien";"Endrunde"
"2014-07-13";"COL";"RUS";NA;"WM 2014";"Brasilien";"Endrunde"
"2014-07-13";"CRI";"RUS";NA;"WM 2014";"Brasilien";"Endrunde"
"2014-07-13";"DEU";"RUS";NA;"WM 2014";"Brasilien";"Endrunde"
"2014-07-13";"DZA";"RUS";NA;"WM 2014";"Brasilien";"Endrunde"
"2014-07-13";"ECU";"RUS";NA;"WM 2014";"Brasilien";"Endrunde"
"2014-07-13";"ENG";"RUS";NA;"WM 2014";"Brasilien";"Endrunde"
"2014-07-13";"ESP";"RUS";NA;"WM 2014";"Brasilien";"Endrunde"
"2014-07-13";"FRA";"RUS";NA;"WM 2014";"Brasilien";"Endrunde"
"2014-07-13";"GHA";"RUS";NA;"WM 2014";"Brasilien";"Endrunde"
"2014-07-13";"GRC";"RUS";NA;"WM 2014";"Brasilien";"Endrunde"
"2014-07-13";"HND";"RUS";NA;"WM 2014";"Brasilien";"Endrunde"
"2014-07-13";"HRV";"RUS";NA;"WM 2014";"Brasilien";"Endrunde"
"2014-07-13";"IRN";"RUS";NA;"WM 2014";"Brasilien";"Endrunde"
"2014-07-13";"ITA";"RUS";NA;"WM 2014";"Brasilien";"Endrunde"
"2014-07-13";"JPN";"RUS";NA;"WM 2014";"Brasilien";"Endrunde"
"2014-07-13";"KOR";"RUS";NA;"WM 2014";"Brasilien";"Endrunde"
"2014-07-13";"MEX";"RUS";NA;"WM 2014";"Brasilien";"Endrunde"
"2014-07-13";"NGA";"RUS";NA;"WM 2014";"Brasilien";"Endrunde"
"2014-07-13";"NLD";"RUS";NA;"WM 2014";"Brasilien";"Endrunde"
"2014-07-13";"PRT";"RUS";NA;"WM 2014";"Brasilien";"Endrunde"
"2014-07-13";"RUS";"RUS";NA;"WM 2014";"Brasilien";"Endrunde"
"2014-07-13";"URY";"RUS";NA;"WM 2014";"Brasilien";"Endrunde"
"2014-07-13";"USA";"RUS";NA;"WM 2014";"Brasilien";"Endrunde"
"2014-07-13";"ARG";"URY";NA;"WM 2014";"Brasilien";"Endrunde"
"2014-07-13";"AUS";"URY";NA;"WM 2014";"Brasilien";"Endrunde"
"2014-07-13";"BEL";"URY";NA;"WM 2014";"Brasilien";"Endrunde"
"2014-07-13";"BIH";"URY";NA;"WM 2014";"Brasilien";"Endrunde"
"2014-07-13";"BRA";"URY";NA;"WM 2014";"Brasilien";"Endrunde"
"2014-07-13";"CHE";"URY";NA;"WM 2014";"Brasilien";"Endrunde"
"2014-07-13";"CHL";"URY";NA;"WM 2014";"Brasilien";"Endrunde"
"2014-07-13";"CIV";"URY";NA;"WM 2014";"Brasilien";"Endrunde"
"2014-07-13";"CMR";"URY";NA;"WM 2014";"Brasilien";"Endrunde"
"2014-07-13";"COL";"URY";NA;"WM 2014";"Brasilien";"Endrunde"
"2014-07-13";"CRI";"URY";NA;"WM 2014";"Brasilien";"Endrunde"
"2014-07-13";"DEU";"URY";NA;"WM 2014";"Brasilien";"Endrunde"
"2014-07-13";"DZA";"URY";NA;"WM 2014";"Brasilien";"Endrunde"
"2014-07-13";"ECU";"URY";NA;"WM 2014";"Brasilien";"Endrunde"
"2014-07-13";"ENG";"URY";NA;"WM 2014";"Brasilien";"Endrunde"
"2014-07-13";"ESP";"URY";NA;"WM 2014";"Brasilien";"Endrunde"
"2014-07-13";"FRA";"URY";NA;"WM 2014";"Brasilien";"Endrunde"
"2014-07-13";"GHA";"URY";NA;"WM 2014";"Brasilien";"Endrunde"
"2014-07-13";"GRC";"URY";NA;"WM 2014";"Brasilien";"Endrunde"
"2014-07-13";"HND";"URY";NA;"WM 2014";"Brasilien";"Endrunde"
"2014-07-13";"HRV";"URY";NA;"WM 2014";"Brasilien";"Endrunde"
"2014-07-13";"IRN";"URY";NA;"WM 2014";"Brasilien";"Endrunde"
"2014-07-13";"ITA";"URY";NA;"WM 2014";"Brasilien";"Endrunde"
"2014-07-13";"JPN";"URY";NA;"WM 2014";"Brasilien";"Endrunde"
"2014-07-13";"KOR";"URY";NA;"WM 2014";"Brasilien";"Endrunde"
"2014-07-13";"MEX";"URY";NA;"WM 2014";"Brasilien";"Endrunde"
"2014-07-13";"NGA";"URY";NA;"WM 2014";"Brasilien";"Endrunde"
"2014-07-13";"NLD";"URY";NA;"WM 2014";"Brasilien";"Endrunde"
"2014-07-13";"PRT";"URY";NA;"WM 2014";"Brasilien";"Endrunde"
"2014-07-13";"RUS";"URY";NA;"WM 2014";"Brasilien";"Endrunde"
"2014-07-13";"URY";"URY";NA;"WM 2014";"Brasilien";"Endrunde"
"2014-07-13";"USA";"URY";NA;"WM 2014";"Brasilien";"Endrunde"
"2014-07-13";"ARG";"USA";NA;"WM 2014";"Brasilien";"Endrunde"
"2014-07-13";"AUS";"USA";NA;"WM 2014";"Brasilien";"Endrunde"
"2014-07-13";"BEL";"USA";NA;"WM 2014";"Brasilien";"Endrunde"
"2014-07-13";"BIH";"USA";NA;"WM 2014";"Brasilien";"Endrunde"
"2014-07-13";"BRA";"USA";NA;"WM 2014";"Brasilien";"Endrunde"
"2014-07-13";"CHE";"USA";NA;"WM 2014";"Brasilien";"Endrunde"
"2014-07-13";"CHL";"USA";NA;"WM 2014";"Brasilien";"Endrunde"
"2014-07-13";"CIV";"USA";NA;"WM 2014";"Brasilien";"Endrunde"
"2014-07-13";"CMR";"USA";NA;"WM 2014";"Brasilien";"Endrunde"
"2014-07-13";"COL";"USA";NA;"WM 2014";"Brasilien";"Endrunde"
"2014-07-13";"CRI";"USA";NA;"WM 2014";"Brasilien";"Endrunde"
"2014-07-13";"DEU";"USA";NA;"WM 2014";"Brasilien";"Endrunde"
"2014-07-13";"DZA";"USA";NA;"WM 2014";"Brasilien";"Endrunde"
"2014-07-13";"ECU";"USA";NA;"WM 2014";"Brasilien";"Endrunde"
"2014-07-13";"ENG";"USA";NA;"WM 2014";"Brasilien";"Endrunde"
"2014-07-13";"ESP";"USA";NA;"WM 2014";"Brasilien";"Endrunde"
"2014-07-13";"FRA";"USA";NA;"WM 2014";"Brasilien";"Endrunde"
"2014-07-13";"GHA";"USA";NA;"WM 2014";"Brasilien";"Endrunde"
"2014-07-13";"GRC";"USA";NA;"WM 2014";"Brasilien";"Endrunde"
"2014-07-13";"HND";"USA";NA;"WM 2014";"Brasilien";"Endrunde"
"2014-07-13";"HRV";"USA";NA;"WM 2014";"Brasilien";"Endrunde"
"2014-07-13";"IRN";"USA";NA;"WM 2014";"Brasilien";"Endrunde"
"2014-07-13";"ITA";"USA";NA;"WM 2014";"Brasilien";"Endrunde"
"2014-07-13";"JPN";"USA";NA;"WM 2014";"Brasilien";"Endrunde"
"2014-07-13";"KOR";"USA";NA;"WM 2014";"Brasilien";"Endrunde"
"2014-07-13";"MEX";"USA";NA;"WM 2014";"Brasilien";"Endrunde"
"2014-07-13";"NGA";"USA";NA;"WM 2014";"Brasilien";"Endrunde"
"2014-07-13";"NLD";"USA";NA;"WM 2014";"Brasilien";"Endrunde"
"2014-07-13";"PRT";"USA";NA;"WM 2014";"Brasilien";"Endrunde"
"2014-07-13";"RUS";"USA";NA;"WM 2014";"Brasilien";"Endrunde"
"2014-07-13";"URY";"USA";NA;"WM 2014";"Brasilien";"Endrunde"
"2014-07-13";"USA";"USA";NA;"WM 2014";"Brasilien";"Endrunde"
