"";"b_team_home";"b_team_away";"HOME_WIN";"AWAY_WIN"
"6456";"ARG";"ARG";0,5;0,5
"6457";"ARG";"AUS";0,48;0,52
"6458";"ARG";"BEL";0,454;0,546
"6459";"ARG";"BIH";0,478;0,522
"6460";"ARG";"BRA";0,498;0,502
"6461";"ARG";"CHE";0,47;0,53
"6462";"ARG";"CHL";0,472;0,528
"6463";"ARG";"CIV";0,494;0,506
"6464";"ARG";"CMR";0,51;0,49
"6465";"ARG";"COL";0,44;0,56
"6466";"ARG";"CRI";0,51;0,49
"6467";"ARG";"DEU";0,42;0,58
"6468";"ARG";"DZA";0,5;0,5
"6469";"ARG";"ECU";0,532;0,468
"6470";"ARG";"ENG";0,468;0,532
"6471";"ARG";"ESP";0,476;0,524
"6472";"ARG";"FRA";0,468;0,532
"6473";"ARG";"GHA";0,498;0,502
"6474";"ARG";"GRC";0,452;0,548
"6475";"ARG";"HND";0,46;0,54
"6476";"ARG";"HRV";0,464;0,536
"6477";"ARG";"IRN";0,506;0,494
"6478";"ARG";"ITA";0,436;0,564
"6479";"ARG";"JPN";0,516;0,484
"6480";"ARG";"KOR";0,546;0,454
"6481";"ARG";"MEX";0,47;0,53
"6482";"ARG";"NGA";0,508;0,492
"6483";"ARG";"NLD";0,476;0,524
"6484";"ARG";"PRT";0,416;0,584
"6485";"ARG";"RUS";0,496;0,504
"6486";"ARG";"URY";0,446;0,554
"6487";"ARG";"USA";0,47;0,53
"6488";"AUS";"ARG";0,56;0,44
"6489";"AUS";"AUS";0,5;0,5
"6490";"AUS";"BEL";0,53;0,47
"6491";"AUS";"BIH";0,506;0,494
"6492";"AUS";"BRA";0,484;0,516
"6493";"AUS";"CHE";0,482;0,518
"6494";"AUS";"CHL";0,526;0,474
"6495";"AUS";"CIV";0,544;0,456
"6496";"AUS";"CMR";0,706;0,294
"6497";"AUS";"COL";0,49;0,51
"6498";"AUS";"CRI";0,554;0,446
"6499";"AUS";"DEU";0,426;0,574
"6500";"AUS";"DZA";0,608;0,392
"6501";"AUS";"ECU";0,582;0,418
"6502";"AUS";"ENG";0,504;0,496
"6503";"AUS";"ESP";0,48;0,52
"6504";"AUS";"FRA";0,488;0,512
"6505";"AUS";"GHA";0,566;0,434
"6506";"AUS";"GRC";0,484;0,516
"6507";"AUS";"HND";0,616;0,384
"6508";"AUS";"HRV";0,504;0,496
"6509";"AUS";"IRN";0,524;0,476
"6510";"AUS";"ITA";0,486;0,514
"6511";"AUS";"JPN";0,642;0,358
"6512";"AUS";"KOR";0,662;0,338
"6513";"AUS";"MEX";0,532;0,468
"6514";"AUS";"NGA";0,62;0,38
"6515";"AUS";"NLD";0,498;0,502
"6516";"AUS";"PRT";0,448;0,552
"6517";"AUS";"RUS";0,534;0,466
"6518";"AUS";"URY";0,482;0,518
"6519";"AUS";"USA";0,45;0,55
"6520";"BEL";"ARG";0,546;0,454
"6521";"BEL";"AUS";0,584;0,416
"6522";"BEL";"BEL";0,5;0,5
"6523";"BEL";"BIH";0,548;0,452
"6524";"BEL";"BRA";0,542;0,458
"6525";"BEL";"CHE";0,54;0,46
"6526";"BEL";"CHL";0,536;0,464
"6527";"BEL";"CIV";0,576;0,424
"6528";"BEL";"CMR";0,564;0,436
"6529";"BEL";"COL";0,52;0,48
"6530";"BEL";"CRI";0,604;0,396
"6531";"BEL";"DEU";0,484;0,516
"6532";"BEL";"DZA";0,582;0,418
"6533";"BEL";"ECU";0,606;0,394
"6534";"BEL";"ENG";0,538;0,462
"6535";"BEL";"ESP";0,522;0,478
"6536";"BEL";"FRA";0,516;0,484
"6537";"BEL";"GHA";0,568;0,432
"6538";"BEL";"GRC";0,512;0,488
"6539";"BEL";"HND";0,52;0,48
"6540";"BEL";"HRV";0,54;0,46
"6541";"BEL";"IRN";0,59;0,41
"6542";"BEL";"ITA";0,512;0,488
"6543";"BEL";"JPN";0,59;0,41
"6544";"BEL";"KOR";0,616;0,384
"6545";"BEL";"MEX";0,546;0,454
"6546";"BEL";"NGA";0,582;0,418
"6547";"BEL";"NLD";0,528;0,472
"6548";"BEL";"PRT";0,482;0,518
"6549";"BEL";"RUS";0,572;0,428
"6550";"BEL";"URY";0,528;0,472
"6551";"BEL";"USA";0,542;0,458
"6552";"BIH";"ARG";0,542;0,458
"6553";"BIH";"AUS";0,596;0,404
"6554";"BIH";"BEL";0,524;0,476
"6555";"BIH";"BIH";0,5;0,5
"6556";"BIH";"BRA";0,554;0,446
"6557";"BIH";"CHE";0,54;0,46
"6558";"BIH";"CHL";0,536;0,464
"6559";"BIH";"CIV";0,556;0,444
"6560";"BIH";"CMR";0,568;0,432
"6561";"BIH";"COL";0,514;0,486
"6562";"BIH";"CRI";0,578;0,422
"6563";"BIH";"DEU";0,484;0,516
"6564";"BIH";"DZA";0,566;0,434
"6565";"BIH";"ECU";0,592;0,408
"6566";"BIH";"ENG";0,542;0,458
"6567";"BIH";"ESP";0,53;0,47
"6568";"BIH";"FRA";0,518;0,482
"6569";"BIH";"GHA";0,55;0,45
"6570";"BIH";"GRC";0,516;0,484
"6571";"BIH";"HND";0,52;0,48
"6572";"BIH";"HRV";0,538;0,462
"6573";"BIH";"IRN";0,596;0,404
"6574";"BIH";"ITA";0,506;0,494
"6575";"BIH";"JPN";0,596;0,404
"6576";"BIH";"KOR";0,614;0,386
"6577";"BIH";"MEX";0,532;0,468
"6578";"BIH";"NGA";0,576;0,424
"6579";"BIH";"NLD";0,524;0,476
"6580";"BIH";"PRT";0,486;0,514
"6581";"BIH";"RUS";0,568;0,432
"6582";"BIH";"URY";0,52;0,48
"6583";"BIH";"USA";0,544;0,456
"6584";"BRA";"ARG";0,606;0,394
"6585";"BRA";"AUS";0,69;0,31
"6586";"BRA";"BEL";0,588;0,412
"6587";"BRA";"BIH";0,622;0,378
"6588";"BRA";"BRA";0,5;0,5
"6589";"BRA";"CHE";0,606;0,394
"6590";"BRA";"CHL";0,608;0,392
"6591";"BRA";"CIV";0,644;0,356
"6592";"BRA";"CMR";0,662;0,338
"6593";"BRA";"COL";0,58;0,42
"6594";"BRA";"CRI";0,658;0,342
"6595";"BRA";"DEU";0,568;0,432
"6596";"BRA";"DZA";0,65;0,35
"6597";"BRA";"ECU";0,648;0,352
"6598";"BRA";"ENG";0,62;0,38
"6599";"BRA";"ESP";0,616;0,384
"6600";"BRA";"FRA";0,586;0,414
"6601";"BRA";"GHA";0,632;0,368
"6602";"BRA";"GRC";0,606;0,394
"6603";"BRA";"HND";0,608;0,392
"6604";"BRA";"HRV";0,61;0,39
"6605";"BRA";"IRN";0,65;0,35
"6606";"BRA";"ITA";0,582;0,418
"6607";"BRA";"JPN";0,662;0,338
"6608";"BRA";"KOR";0,676;0,324
"6609";"BRA";"MEX";0,632;0,368
"6610";"BRA";"NGA";0,652;0,348
"6611";"BRA";"NLD";0,594;0,406
"6612";"BRA";"PRT";0,562;0,438
"6613";"BRA";"RUS";0,634;0,366
"6614";"BRA";"URY";0,606;0,394
"6615";"BRA";"USA";0,624;0,376
"6616";"CHE";"ARG";0,578;0,422
"6617";"CHE";"AUS";0,614;0,386
"6618";"CHE";"BEL";0,554;0,446
"6619";"CHE";"BIH";0,574;0,426
"6620";"CHE";"BRA";0,588;0,412
"6621";"CHE";"CHE";0,5;0,5
"6622";"CHE";"CHL";0,57;0,43
"6623";"CHE";"CIV";0,602;0,398
"6624";"CHE";"CMR";0,584;0,416
"6625";"CHE";"COL";0,544;0,456
"6626";"CHE";"CRI";0,624;0,376
"6627";"CHE";"DEU";0,53;0,47
"6628";"CHE";"DZA";0,604;0,396
"6629";"CHE";"ECU";0,632;0,368
"6630";"CHE";"ENG";0,572;0,428
"6631";"CHE";"ESP";0,568;0,432
"6632";"CHE";"FRA";0,56;0,44
"6633";"CHE";"GHA";0,592;0,408
"6634";"CHE";"GRC";0,55;0,45
"6635";"CHE";"HND";0,544;0,456
"6636";"CHE";"HRV";0,568;0,432
"6637";"CHE";"IRN";0,616;0,384
"6638";"CHE";"ITA";0,538;0,462
"6639";"CHE";"JPN";0,606;0,394
"6640";"CHE";"KOR";0,626;0,374
"6641";"CHE";"MEX";0,574;0,426
"6642";"CHE";"NGA";0,598;0,402
"6643";"CHE";"NLD";0,56;0,44
"6644";"CHE";"PRT";0,53;0,47
"6645";"CHE";"RUS";0,6;0,4
"6646";"CHE";"URY";0,556;0,444
"6647";"CHE";"USA";0,586;0,414
"6648";"CHL";"ARG";0,57;0,43
"6649";"CHL";"AUS";0,608;0,392
"6650";"CHL";"BEL";0,548;0,452
"6651";"CHL";"BIH";0,554;0,446
"6652";"CHL";"BRA";0,556;0,444
"6653";"CHL";"CHE";0,544;0,456
"6654";"CHL";"CHL";0,5;0,5
"6655";"CHL";"CIV";0,592;0,408
"6656";"CHL";"CMR";0,598;0,402
"6657";"CHL";"COL";0,532;0,468
"6658";"CHL";"CRI";0,6;0,4
"6659";"CHL";"DEU";0,5;0,5
"6660";"CHL";"DZA";0,606;0,394
"6661";"CHL";"ECU";0,616;0,384
"6662";"CHL";"ENG";0,548;0,452
"6663";"CHL";"ESP";0,532;0,468
"6664";"CHL";"FRA";0,546;0,454
"6665";"CHL";"GHA";0,592;0,408
"6666";"CHL";"GRC";0,532;0,468
"6667";"CHL";"HND";0,548;0,452
"6668";"CHL";"HRV";0,55;0,45
"6669";"CHL";"IRN";0,606;0,394
"6670";"CHL";"ITA";0,522;0,478
"6671";"CHL";"JPN";0,61;0,39
"6672";"CHL";"KOR";0,632;0,368
"6673";"CHL";"MEX";0,562;0,438
"6674";"CHL";"NGA";0,608;0,392
"6675";"CHL";"NLD";0,536;0,464
"6676";"CHL";"PRT";0,506;0,494
"6677";"CHL";"RUS";0,59;0,41
"6678";"CHL";"URY";0,542;0,458
"6679";"CHL";"USA";0,554;0,446
"6680";"CIV";"ARG";0,48;0,52
"6681";"CIV";"AUS";0,482;0,518
"6682";"CIV";"BEL";0,452;0,548
"6683";"CIV";"BIH";0,476;0,524
"6684";"CIV";"BRA";0,5;0,5
"6685";"CIV";"CHE";0,462;0,538
"6686";"CIV";"CHL";0,49;0,51
"6687";"CIV";"CIV";0,5;0,5
"6688";"CIV";"CMR";0,492;0,508
"6689";"CIV";"COL";0,442;0,558
"6690";"CIV";"CRI";0,484;0,516
"6691";"CIV";"DEU";0,426;0,574
"6692";"CIV";"DZA";0,456;0,544
"6693";"CIV";"ECU";0,526;0,474
"6694";"CIV";"ENG";0,484;0,516
"6695";"CIV";"ESP";0,478;0,522
"6696";"CIV";"FRA";0,468;0,532
"6697";"CIV";"GHA";0,478;0,522
"6698";"CIV";"GRC";0,468;0,532
"6699";"CIV";"HND";0,47;0,53
"6700";"CIV";"HRV";0,464;0,536
"6701";"CIV";"IRN";0,51;0,49
"6702";"CIV";"ITA";0,434;0,566
"6703";"CIV";"JPN";0,522;0,478
"6704";"CIV";"KOR";0,538;0,462
"6705";"CIV";"MEX";0,458;0,542
"6706";"CIV";"NGA";0,48;0,52
"6707";"CIV";"NLD";0,482;0,518
"6708";"CIV";"PRT";0,426;0,574
"6709";"CIV";"RUS";0,472;0,528
"6710";"CIV";"URY";0,45;0,55
"6711";"CIV";"USA";0,478;0,522
"6712";"CMR";"ARG";0,446;0,554
"6713";"CMR";"AUS";0,458;0,542
"6714";"CMR";"BEL";0,414;0,586
"6715";"CMR";"BIH";0,42;0,58
"6716";"CMR";"BRA";0,452;0,548
"6717";"CMR";"CHE";0,42;0,58
"6718";"CMR";"CHL";0,448;0,552
"6719";"CMR";"CIV";0,436;0,564
"6720";"CMR";"CMR";0,5;0,5
"6721";"CMR";"COL";0,412;0,588
"6722";"CMR";"CRI";0,458;0,542
"6723";"CMR";"DEU";0,38;0,62
"6724";"CMR";"DZA";0,412;0,588
"6725";"CMR";"ECU";0,48;0,52
"6726";"CMR";"ENG";0,444;0,556
"6727";"CMR";"ESP";0,444;0,556
"6728";"CMR";"FRA";0,43;0,57
"6729";"CMR";"GHA";0,438;0,562
"6730";"CMR";"GRC";0,422;0,578
"6731";"CMR";"HND";0,446;0,554
"6732";"CMR";"HRV";0,406;0,594
"6733";"CMR";"IRN";0,45;0,55
"6734";"CMR";"ITA";0,384;0,616
"6735";"CMR";"JPN";0,512;0,488
"6736";"CMR";"KOR";0,536;0,464
"6737";"CMR";"MEX";0,402;0,598
"6738";"CMR";"NGA";0,452;0,548
"6739";"CMR";"NLD";0,446;0,554
"6740";"CMR";"PRT";0,394;0,606
"6741";"CMR";"RUS";0,422;0,578
"6742";"CMR";"URY";0,392;0,608
"6743";"CMR";"USA";0,42;0,58
"6744";"COL";"ARG";0,578;0,422
"6745";"COL";"AUS";0,616;0,384
"6746";"COL";"BEL";0,552;0,448
"6747";"COL";"BIH";0,57;0,43
"6748";"COL";"BRA";0,574;0,426
"6749";"COL";"CHE";0,556;0,444
"6750";"COL";"CHL";0,548;0,452
"6751";"COL";"CIV";0,608;0,392
"6752";"COL";"CMR";0,592;0,408
"6753";"COL";"COL";0,5;0,5
"6754";"COL";"CRI";0,634;0,366
"6755";"COL";"DEU";0,512;0,488
"6756";"COL";"DZA";0,614;0,386
"6757";"COL";"ECU";0,63;0,37
"6758";"COL";"ENG";0,562;0,438
"6759";"COL";"ESP";0,55;0,45
"6760";"COL";"FRA";0,558;0,442
"6761";"COL";"GHA";0,596;0,404
"6762";"COL";"GRC";0,546;0,454
"6763";"COL";"HND";0,55;0,45
"6764";"COL";"HRV";0,56;0,44
"6765";"COL";"IRN";0,626;0,374
"6766";"COL";"ITA";0,524;0,476
"6767";"COL";"JPN";0,61;0,39
"6768";"COL";"KOR";0,632;0,368
"6769";"COL";"MEX";0,584;0,416
"6770";"COL";"NGA";0,61;0,39
"6771";"COL";"NLD";0,548;0,452
"6772";"COL";"PRT";0,51;0,49
"6773";"COL";"RUS";0,594;0,406
"6774";"COL";"URY";0,55;0,45
"6775";"COL";"USA";0,578;0,422
"6776";"CRI";"ARG";0,488;0,512
"6777";"CRI";"AUS";0,52;0,48
"6778";"CRI";"BEL";0,472;0,528
"6779";"CRI";"BIH";0,472;0,528
"6780";"CRI";"BRA";0,508;0,492
"6781";"CRI";"CHE";0,462;0,538
"6782";"CRI";"CHL";0,482;0,518
"6783";"CRI";"CIV";0,48;0,52
"6784";"CRI";"CMR";0,552;0,448
"6785";"CRI";"COL";0,45;0,55
"6786";"CRI";"CRI";0,5;0,5
"6787";"CRI";"DEU";0,426;0,574
"6788";"CRI";"DZA";0,484;0,516
"6789";"CRI";"ECU";0,528;0,472
"6790";"CRI";"ENG";0,486;0,514
"6791";"CRI";"ESP";0,506;0,494
"6792";"CRI";"FRA";0,464;0,536
"6793";"CRI";"GHA";0,498;0,502
"6794";"CRI";"GRC";0,472;0,528
"6795";"CRI";"HND";0,492;0,508
"6796";"CRI";"HRV";0,452;0,548
"6797";"CRI";"IRN";0,498;0,502
"6798";"CRI";"ITA";0,446;0,554
"6799";"CRI";"JPN";0,546;0,454
"6800";"CRI";"KOR";0,558;0,442
"6801";"CRI";"MEX";0,472;0,528
"6802";"CRI";"NGA";0,496;0,504
"6803";"CRI";"NLD";0,474;0,526
"6804";"CRI";"PRT";0,424;0,576
"6805";"CRI";"RUS";0,476;0,524
"6806";"CRI";"URY";0,448;0,552
"6807";"CRI";"USA";0,48;0,52
"6808";"DEU";"ARG";0,644;0,356
"6809";"DEU";"AUS";0,736;0,264
"6810";"DEU";"BEL";0,624;0,376
"6811";"DEU";"BIH";0,646;0,354
"6812";"DEU";"BRA";0,624;0,376
"6813";"DEU";"CHE";0,622;0,378
"6814";"DEU";"CHL";0,624;0,376
"6815";"DEU";"CIV";0,68;0,32
"6816";"DEU";"CMR";0,732;0,268
"6817";"DEU";"COL";0,604;0,396
"6818";"DEU";"CRI";0,712;0,288
"6819";"DEU";"DEU";0,5;0,5
"6820";"DEU";"DZA";0,708;0,292
"6821";"DEU";"ECU";0,682;0,318
"6822";"DEU";"ENG";0,634;0,366
"6823";"DEU";"ESP";0,61;0,39
"6824";"DEU";"FRA";0,624;0,376
"6825";"DEU";"GHA";0,676;0,324
"6826";"DEU";"GRC";0,62;0,38
"6827";"DEU";"HND";0,696;0,304
"6828";"DEU";"HRV";0,646;0,354
"6829";"DEU";"IRN";0,692;0,308
"6830";"DEU";"ITA";0,614;0,386
"6831";"DEU";"JPN";0,73;0,27
"6832";"DEU";"KOR";0,744;0,256
"6833";"DEU";"MEX";0,682;0,318
"6834";"DEU";"NGA";0,722;0,278
"6835";"DEU";"NLD";0,604;0,396
"6836";"DEU";"PRT";0,574;0,426
"6837";"DEU";"RUS";0,678;0,322
"6838";"DEU";"URY";0,634;0,366
"6839";"DEU";"USA";0,622;0,378
"6840";"DZA";"ARG";0,45;0,55
"6841";"DZA";"AUS";0,452;0,548
"6842";"DZA";"BEL";0,426;0,574
"6843";"DZA";"BIH";0,44;0,56
"6844";"DZA";"BRA";0,48;0,52
"6845";"DZA";"CHE";0,442;0,558
"6846";"DZA";"CHL";0,464;0,536
"6847";"DZA";"CIV";0,458;0,542
"6848";"DZA";"CMR";0,484;0,516
"6849";"DZA";"COL";0,424;0,576
"6850";"DZA";"CRI";0,452;0,548
"6851";"DZA";"DEU";0,41;0,59
"6852";"DZA";"DZA";0,5;0,5
"6853";"DZA";"ECU";0,488;0,512
"6854";"DZA";"ENG";0,456;0,544
"6855";"DZA";"ESP";0,474;0,526
"6856";"DZA";"FRA";0,45;0,55
"6857";"DZA";"GHA";0,46;0,54
"6858";"DZA";"GRC";0,446;0,554
"6859";"DZA";"HND";0,45;0,55
"6860";"DZA";"HRV";0,426;0,574
"6861";"DZA";"IRN";0,474;0,526
"6862";"DZA";"ITA";0,412;0,588
"6863";"DZA";"JPN";0,5;0,5
"6864";"DZA";"KOR";0,516;0,484
"6865";"DZA";"MEX";0,422;0,578
"6866";"DZA";"NGA";0,46;0,54
"6867";"DZA";"NLD";0,468;0,532
"6868";"DZA";"PRT";0,426;0,574
"6869";"DZA";"RUS";0,446;0,554
"6870";"DZA";"URY";0,422;0,578
"6871";"DZA";"USA";0,456;0,544
"6872";"ECU";"ARG";0,46;0,54
"6873";"ECU";"AUS";0,464;0,536
"6874";"ECU";"BEL";0,436;0,564
"6875";"ECU";"BIH";0,45;0,55
"6876";"ECU";"BRA";0,468;0,532
"6877";"ECU";"CHE";0,436;0,564
"6878";"ECU";"CHL";0,448;0,552
"6879";"ECU";"CIV";0,456;0,544
"6880";"ECU";"CMR";0,478;0,522
"6881";"ECU";"COL";0,422;0,578
"6882";"ECU";"CRI";0,468;0,532
"6883";"ECU";"DEU";0,386;0,614
"6884";"ECU";"DZA";0,446;0,554
"6885";"ECU";"ECU";0,5;0,5
"6886";"ECU";"ENG";0,44;0,56
"6887";"ECU";"ESP";0,448;0,552
"6888";"ECU";"FRA";0,444;0,556
"6889";"ECU";"GHA";0,456;0,544
"6890";"ECU";"GRC";0,418;0,582
"6891";"ECU";"HND";0,444;0,556
"6892";"ECU";"HRV";0,43;0,57
"6893";"ECU";"IRN";0,476;0,524
"6894";"ECU";"ITA";0,414;0,586
"6895";"ECU";"JPN";0,496;0,504
"6896";"ECU";"KOR";0,526;0,474
"6897";"ECU";"MEX";0,434;0,566
"6898";"ECU";"NGA";0,462;0,538
"6899";"ECU";"NLD";0,438;0,562
"6900";"ECU";"PRT";0,386;0,614
"6901";"ECU";"RUS";0,464;0,536
"6902";"ECU";"URY";0,424;0,576
"6903";"ECU";"USA";0,444;0,556
"6904";"ENG";"ARG";0,582;0,418
"6905";"ENG";"AUS";0,642;0,358
"6906";"ENG";"BEL";0,566;0,434
"6907";"ENG";"BIH";0,584;0,416
"6908";"ENG";"BRA";0,592;0,408
"6909";"ENG";"CHE";0,578;0,422
"6910";"ENG";"CHL";0,576;0,424
"6911";"ENG";"CIV";0,614;0,386
"6912";"ENG";"CMR";0,616;0,384
"6913";"ENG";"COL";0,554;0,446
"6914";"ENG";"CRI";0,628;0,372
"6915";"ENG";"DEU";0,536;0,464
"6916";"ENG";"DZA";0,624;0,376
"6917";"ENG";"ECU";0,626;0,374
"6918";"ENG";"ENG";0,5;0,5
"6919";"ENG";"ESP";0,58;0,42
"6920";"ENG";"FRA";0,574;0,426
"6921";"ENG";"GHA";0,602;0,398
"6922";"ENG";"GRC";0,576;0,424
"6923";"ENG";"HND";0,574;0,426
"6924";"ENG";"HRV";0,582;0,418
"6925";"ENG";"IRN";0,63;0,37
"6926";"ENG";"ITA";0,55;0,45
"6927";"ENG";"JPN";0,63;0,37
"6928";"ENG";"KOR";0,642;0,358
"6929";"ENG";"MEX";0,598;0,402
"6930";"ENG";"NGA";0,63;0,37
"6931";"ENG";"NLD";0,572;0,428
"6932";"ENG";"PRT";0,54;0,46
"6933";"ENG";"RUS";0,616;0,384
"6934";"ENG";"URY";0,574;0,426
"6935";"ENG";"USA";0,592;0,408
"6936";"ESP";"ARG";0,63;0,37
"6937";"ESP";"AUS";0,706;0,294
"6938";"ESP";"BEL";0,608;0,392
"6939";"ESP";"BIH";0,636;0,364
"6940";"ESP";"BRA";0,63;0,37
"6941";"ESP";"CHE";0,61;0,39
"6942";"ESP";"CHL";0,616;0,384
"6943";"ESP";"CIV";0,664;0,336
"6944";"ESP";"CMR";0,69;0,31
"6945";"ESP";"COL";0,596;0,404
"6946";"ESP";"CRI";0,68;0,32
"6947";"ESP";"DEU";0,59;0,41
"6948";"ESP";"DZA";0,684;0,316
"6949";"ESP";"ECU";0,666;0,334
"6950";"ESP";"ENG";0,618;0,382
"6951";"ESP";"ESP";0,5;0,5
"6952";"ESP";"FRA";0,624;0,376
"6953";"ESP";"GHA";0,658;0,342
"6954";"ESP";"GRC";0,612;0,388
"6955";"ESP";"HND";0,646;0,354
"6956";"ESP";"HRV";0,63;0,37
"6957";"ESP";"IRN";0,678;0,322
"6958";"ESP";"ITA";0,6;0,4
"6959";"ESP";"JPN";0,684;0,316
"6960";"ESP";"KOR";0,698;0,302
"6961";"ESP";"MEX";0,64;0,36
"6962";"ESP";"NGA";0,688;0,312
"6963";"ESP";"NLD";0,596;0,404
"6964";"ESP";"PRT";0,588;0,412
"6965";"ESP";"RUS";0,658;0,342
"6966";"ESP";"URY";0,614;0,386
"6967";"ESP";"USA";0,636;0,364
"6968";"FRA";"ARG";0,63;0,37
"6969";"FRA";"AUS";0,732;0,268
"6970";"FRA";"BEL";0,628;0,372
"6971";"FRA";"BIH";0,638;0,362
"6972";"FRA";"BRA";0,602;0,398
"6973";"FRA";"CHE";0,608;0,392
"6974";"FRA";"CHL";0,62;0,38
"6975";"FRA";"CIV";0,664;0,336
"6976";"FRA";"CMR";0,748;0,252
"6977";"FRA";"COL";0,602;0,398
"6978";"FRA";"CRI";0,692;0,308
"6979";"FRA";"DEU";0,55;0,45
"6980";"FRA";"DZA";0,69;0,31
"6981";"FRA";"ECU";0,668;0,332
"6982";"FRA";"ENG";0,622;0,378
"6983";"FRA";"ESP";0,592;0,408
"6984";"FRA";"FRA";0,5;0,5
"6985";"FRA";"GHA";0,66;0,34
"6986";"FRA";"GRC";0,598;0,402
"6987";"FRA";"HND";0,696;0,304
"6988";"FRA";"HRV";0,638;0,362
"6989";"FRA";"IRN";0,666;0,334
"6990";"FRA";"ITA";0,606;0,394
"6991";"FRA";"JPN";0,728;0,272
"6992";"FRA";"KOR";0,744;0,256
"6993";"FRA";"MEX";0,67;0,33
"6994";"FRA";"NGA";0,718;0,282
"6995";"FRA";"NLD";0,59;0,41
"6996";"FRA";"PRT";0,55;0,45
"6997";"FRA";"RUS";0,672;0,328
"6998";"FRA";"URY";0,622;0,378
"6999";"FRA";"USA";0,626;0,374
"7000";"GHA";"ARG";0,462;0,538
"7001";"GHA";"AUS";0,458;0,542
"7002";"GHA";"BEL";0,438;0,562
"7003";"GHA";"BIH";0,458;0,542
"7004";"GHA";"BRA";0,472;0,528
"7005";"GHA";"CHE";0,442;0,558
"7006";"GHA";"CHL";0,466;0,534
"7007";"GHA";"CIV";0,462;0,538
"7008";"GHA";"CMR";0,474;0,526
"7009";"GHA";"COL";0,428;0,572
"7010";"GHA";"CRI";0,46;0,54
"7011";"GHA";"DEU";0,408;0,592
"7012";"GHA";"DZA";0,432;0,568
"7013";"GHA";"ECU";0,5;0,5
"7014";"GHA";"ENG";0,462;0,538
"7015";"GHA";"ESP";0,456;0,544
"7016";"GHA";"FRA";0,45;0,55
"7017";"GHA";"GHA";0,5;0,5
"7018";"GHA";"GRC";0,444;0,556
"7019";"GHA";"HND";0,448;0,552
"7020";"GHA";"HRV";0,442;0,558
"7021";"GHA";"IRN";0,484;0,516
"7022";"GHA";"ITA";0,418;0,582
"7023";"GHA";"JPN";0,5;0,5
"7024";"GHA";"KOR";0,52;0,48
"7025";"GHA";"MEX";0,434;0,566
"7026";"GHA";"NGA";0,456;0,544
"7027";"GHA";"NLD";0,458;0,542
"7028";"GHA";"PRT";0,41;0,59
"7029";"GHA";"RUS";0,456;0,544
"7030";"GHA";"URY";0,428;0,572
"7031";"GHA";"USA";0,456;0,544
"7032";"GRC";"ARG";0,592;0,408
"7033";"GRC";"AUS";0,672;0,328
"7034";"GRC";"BEL";0,576;0,424
"7035";"GRC";"BIH";0,59;0,41
"7036";"GRC";"BRA";0,594;0,406
"7037";"GRC";"CHE";0,586;0,414
"7038";"GRC";"CHL";0,58;0,42
"7039";"GRC";"CIV";0,628;0,372
"7040";"GRC";"CMR";0,66;0,34
"7041";"GRC";"COL";0,564;0,436
"7042";"GRC";"CRI";0,652;0,348
"7043";"GRC";"DEU";0,544;0,456
"7044";"GRC";"DZA";0,648;0,352
"7045";"GRC";"ECU";0,638;0,362
"7046";"GRC";"ENG";0,592;0,408
"7047";"GRC";"ESP";0,588;0,412
"7048";"GRC";"FRA";0,584;0,416
"7049";"GRC";"GHA";0,62;0,38
"7050";"GRC";"GRC";0,5;0,5
"7051";"GRC";"HND";0,616;0,384
"7052";"GRC";"HRV";0,59;0,41
"7053";"GRC";"IRN";0,652;0,348
"7054";"GRC";"ITA";0,56;0,44
"7055";"GRC";"JPN";0,654;0,346
"7056";"GRC";"KOR";0,67;0,33
"7057";"GRC";"MEX";0,622;0,378
"7058";"GRC";"NGA";0,66;0,34
"7059";"GRC";"NLD";0,578;0,422
"7060";"GRC";"PRT";0,542;0,458
"7061";"GRC";"RUS";0,626;0,374
"7062";"GRC";"URY";0,588;0,412
"7063";"GRC";"USA";0,6;0,4
"7064";"HND";"ARG";0,448;0,552
"7065";"HND";"AUS";0,486;0,514
"7066";"HND";"BEL";0,432;0,568
"7067";"HND";"BIH";0,422;0,578
"7068";"HND";"BRA";0,446;0,554
"7069";"HND";"CHE";0,422;0,578
"7070";"HND";"CHL";0,442;0,558
"7071";"HND";"CIV";0,444;0,556
"7072";"HND";"CMR";0,542;0,458
"7073";"HND";"COL";0,41;0,59
"7074";"HND";"CRI";0,464;0,536
"7075";"HND";"DEU";0,386;0,614
"7076";"HND";"DZA";0,446;0,554
"7077";"HND";"ECU";0,478;0,522
"7078";"HND";"ENG";0,438;0,562
"7079";"HND";"ESP";0,436;0,564
"7080";"HND";"FRA";0,438;0,562
"7081";"HND";"GHA";0,464;0,536
"7082";"HND";"GRC";0,43;0,57
"7083";"HND";"HND";0,5;0,5
"7084";"HND";"HRV";0,404;0,596
"7085";"HND";"IRN";0,462;0,538
"7086";"HND";"ITA";0,388;0,612
"7087";"HND";"JPN";0,528;0,472
"7088";"HND";"KOR";0,56;0,44
"7089";"HND";"MEX";0,418;0,582
"7090";"HND";"NGA";0,486;0,514
"7091";"HND";"NLD";0,434;0,566
"7092";"HND";"PRT";0,392;0,608
"7093";"HND";"RUS";0,436;0,564
"7094";"HND";"URY";0,398;0,602
"7095";"HND";"USA";0,416;0,584
"7096";"HRV";"ARG";0,55;0,45
"7097";"HRV";"AUS";0,592;0,408
"7098";"HRV";"BEL";0,53;0,47
"7099";"HRV";"BIH";0,552;0,448
"7100";"HRV";"BRA";0,544;0,456
"7101";"HRV";"CHE";0,54;0,46
"7102";"HRV";"CHL";0,538;0,462
"7103";"HRV";"CIV";0,574;0,426
"7104";"HRV";"CMR";0,574;0,426
"7105";"HRV";"COL";0,52;0,48
"7106";"HRV";"CRI";0,586;0,414
"7107";"HRV";"DEU";0,486;0,514
"7108";"HRV";"DZA";0,578;0,422
"7109";"HRV";"ECU";0,6;0,4
"7110";"HRV";"ENG";0,544;0,456
"7111";"HRV";"ESP";0,524;0,476
"7112";"HRV";"FRA";0,516;0,484
"7113";"HRV";"GHA";0,566;0,434
"7114";"HRV";"GRC";0,518;0,482
"7115";"HRV";"HND";0,524;0,476
"7116";"HRV";"HRV";0,5;0,5
"7117";"HRV";"IRN";0,596;0,404
"7118";"HRV";"ITA";0,508;0,492
"7119";"HRV";"JPN";0,586;0,414
"7120";"HRV";"KOR";0,61;0,39
"7121";"HRV";"MEX";0,552;0,448
"7122";"HRV";"NGA";0,574;0,426
"7123";"HRV";"NLD";0,53;0,47
"7124";"HRV";"PRT";0,492;0,508
"7125";"HRV";"RUS";0,574;0,426
"7126";"HRV";"URY";0,528;0,472
"7127";"HRV";"USA";0,544;0,456
"7128";"IRN";"ARG";0,546;0,454
"7129";"IRN";"AUS";0,576;0,424
"7130";"IRN";"BEL";0,554;0,446
"7131";"IRN";"BIH";0,554;0,446
"7132";"IRN";"BRA";0,536;0,464
"7133";"IRN";"CHE";0,53;0,47
"7134";"IRN";"CHL";0,548;0,452
"7135";"IRN";"CIV";0,576;0,424
"7136";"IRN";"CMR";0,652;0,348
"7137";"IRN";"COL";0,522;0,478
"7138";"IRN";"CRI";0,582;0,418
"7139";"IRN";"DEU";0,478;0,522
"7140";"IRN";"DZA";0,592;0,408
"7141";"IRN";"ECU";0,59;0,41
"7142";"IRN";"ENG";0,548;0,452
"7143";"IRN";"ESP";0,532;0,468
"7144";"IRN";"FRA";0,518;0,482
"7145";"IRN";"GHA";0,578;0,422
"7146";"IRN";"GRC";0,53;0,47
"7147";"IRN";"HND";0,59;0,41
"7148";"IRN";"HRV";0,544;0,456
"7149";"IRN";"IRN";0,5;0,5
"7150";"IRN";"ITA";0,514;0,486
"7151";"IRN";"JPN";0,628;0,372
"7152";"IRN";"KOR";0,628;0,372
"7153";"IRN";"MEX";0,592;0,408
"7154";"IRN";"NGA";0,6;0,4
"7155";"IRN";"NLD";0,54;0,46
"7156";"IRN";"PRT";0,472;0,528
"7157";"IRN";"RUS";0,574;0,426
"7158";"IRN";"URY";0,52;0,48
"7159";"IRN";"USA";0,524;0,476
"7160";"ITA";"ARG";0,57;0,43
"7161";"ITA";"AUS";0,618;0,382
"7162";"ITA";"BEL";0,556;0,444
"7163";"ITA";"BIH";0,576;0,424
"7164";"ITA";"BRA";0,578;0,422
"7165";"ITA";"CHE";0,564;0,436
"7166";"ITA";"CHL";0,56;0,44
"7167";"ITA";"CIV";0,61;0,39
"7168";"ITA";"CMR";0,61;0,39
"7169";"ITA";"COL";0,546;0,454
"7170";"ITA";"CRI";0,642;0,358
"7171";"ITA";"DEU";0,522;0,478
"7172";"ITA";"DZA";0,628;0,372
"7173";"ITA";"ECU";0,622;0,378
"7174";"ITA";"ENG";0,568;0,432
"7175";"ITA";"ESP";0,558;0,442
"7176";"ITA";"FRA";0,566;0,434
"7177";"ITA";"GHA";0,602;0,398
"7178";"ITA";"GRC";0,552;0,448
"7179";"ITA";"HND";0,554;0,446
"7180";"ITA";"HRV";0,566;0,434
"7181";"ITA";"IRN";0,634;0,366
"7182";"ITA";"ITA";0,5;0,5
"7183";"ITA";"JPN";0,614;0,386
"7184";"ITA";"KOR";0,64;0,36
"7185";"ITA";"MEX";0,584;0,416
"7186";"ITA";"NGA";0,626;0,374
"7187";"ITA";"NLD";0,562;0,438
"7188";"ITA";"PRT";0,522;0,478
"7189";"ITA";"RUS";0,6;0,4
"7190";"ITA";"URY";0,558;0,442
"7191";"ITA";"USA";0,582;0,418
"7192";"JPN";"ARG";0,486;0,514
"7193";"JPN";"AUS";0,49;0,51
"7194";"JPN";"BEL";0,456;0,544
"7195";"JPN";"BIH";0,452;0,548
"7196";"JPN";"BRA";0,456;0,544
"7197";"JPN";"CHE";0,436;0,564
"7198";"JPN";"CHL";0,464;0,536
"7199";"JPN";"CIV";0,478;0,522
"7200";"JPN";"CMR";0,572;0,428
"7201";"JPN";"COL";0,43;0,57
"7202";"JPN";"CRI";0,484;0,516
"7203";"JPN";"DEU";0,38;0,62
"7204";"JPN";"DZA";0,486;0,514
"7205";"JPN";"ECU";0,534;0,466
"7206";"JPN";"ENG";0,444;0,556
"7207";"JPN";"ESP";0,436;0,564
"7208";"JPN";"FRA";0,434;0,566
"7209";"JPN";"GHA";0,494;0,506
"7210";"JPN";"GRC";0,424;0,576
"7211";"JPN";"HND";0,482;0,518
"7212";"JPN";"HRV";0,442;0,558
"7213";"JPN";"IRN";0,474;0,526
"7214";"JPN";"ITA";0,414;0,586
"7215";"JPN";"JPN";0,5;0,5
"7216";"JPN";"KOR";0,576;0,424
"7217";"JPN";"MEX";0,442;0,558
"7218";"JPN";"NGA";0,504;0,496
"7219";"JPN";"NLD";0,444;0,556
"7220";"JPN";"PRT";0,394;0,606
"7221";"JPN";"RUS";0,472;0,528
"7222";"JPN";"URY";0,414;0,586
"7223";"JPN";"USA";0,418;0,582
"7224";"KOR";"ARG";0,466;0,534
"7225";"KOR";"AUS";0,456;0,544
"7226";"KOR";"BEL";0,426;0,574
"7227";"KOR";"BIH";0,434;0,566
"7228";"KOR";"BRA";0,436;0,564
"7229";"KOR";"CHE";0,416;0,584
"7230";"KOR";"CHL";0,438;0,562
"7231";"KOR";"CIV";0,444;0,556
"7232";"KOR";"CMR";0,528;0,472
"7233";"KOR";"COL";0,406;0,594
"7234";"KOR";"CRI";0,452;0,548
"7235";"KOR";"DEU";0,356;0,644
"7236";"KOR";"DZA";0,45;0,55
"7237";"KOR";"ECU";0,514;0,486
"7238";"KOR";"ENG";0,43;0,57
"7239";"KOR";"ESP";0,426;0,574
"7240";"KOR";"FRA";0,408;0,592
"7241";"KOR";"GHA";0,456;0,544
"7242";"KOR";"GRC";0,408;0,592
"7243";"KOR";"HND";0,448;0,552
"7244";"KOR";"HRV";0,416;0,584
"7245";"KOR";"IRN";0,438;0,562
"7246";"KOR";"ITA";0,384;0,616
"7247";"KOR";"JPN";0,522;0,478
"7248";"KOR";"KOR";0,5;0,5
"7249";"KOR";"MEX";0,42;0,58
"7250";"KOR";"NGA";0,47;0,53
"7251";"KOR";"NLD";0,422;0,578
"7252";"KOR";"PRT";0,366;0,634
"7253";"KOR";"RUS";0,444;0,556
"7254";"KOR";"URY";0,39;0,61
"7255";"KOR";"USA";0,402;0,598
"7256";"MEX";"ARG";0,486;0,514
"7257";"MEX";"AUS";0,51;0,49
"7258";"MEX";"BEL";0,46;0,54
"7259";"MEX";"BIH";0,486;0,514
"7260";"MEX";"BRA";0,502;0,498
"7261";"MEX";"CHE";0,478;0,522
"7262";"MEX";"CHL";0,488;0,512
"7263";"MEX";"CIV";0,48;0,52
"7264";"MEX";"CMR";0,506;0,494
"7265";"MEX";"COL";0,454;0,546
"7266";"MEX";"CRI";0,496;0,504
"7267";"MEX";"DEU";0,418;0,582
"7268";"MEX";"DZA";0,454;0,546
"7269";"MEX";"ECU";0,508;0,492
"7270";"MEX";"ENG";0,492;0,508
"7271";"MEX";"ESP";0,484;0,516
"7272";"MEX";"FRA";0,458;0,542
"7273";"MEX";"GHA";0,478;0,522
"7274";"MEX";"GRC";0,478;0,522
"7275";"MEX";"HND";0,49;0,51
"7276";"MEX";"HRV";0,474;0,526
"7277";"MEX";"IRN";0,53;0,47
"7278";"MEX";"ITA";0,436;0,564
"7279";"MEX";"JPN";0,556;0,444
"7280";"MEX";"KOR";0,556;0,444
"7281";"MEX";"MEX";0,5;0,5
"7282";"MEX";"NGA";0,496;0,504
"7283";"MEX";"NLD";0,492;0,508
"7284";"MEX";"PRT";0,412;0,588
"7285";"MEX";"RUS";0,472;0,528
"7286";"MEX";"URY";0,456;0,544
"7287";"MEX";"USA";0,482;0,518
"7288";"NGA";"ARG";0,454;0,546
"7289";"NGA";"AUS";0,468;0,532
"7290";"NGA";"BEL";0,428;0,572
"7291";"NGA";"BIH";0,442;0,558
"7292";"NGA";"BRA";0,484;0,516
"7293";"NGA";"CHE";0,44;0,56
"7294";"NGA";"CHL";0,466;0,534
"7295";"NGA";"CIV";0,458;0,542
"7296";"NGA";"CMR";0,504;0,496
"7297";"NGA";"COL";0,422;0,578
"7298";"NGA";"CRI";0,466;0,534
"7299";"NGA";"DEU";0,41;0,59
"7300";"NGA";"DZA";0,436;0,564
"7301";"NGA";"ECU";0,494;0,506
"7302";"NGA";"ENG";0,464;0,536
"7303";"NGA";"ESP";0,482;0,518
"7304";"NGA";"FRA";0,444;0,556
"7305";"NGA";"GHA";0,462;0,538
"7306";"NGA";"GRC";0,446;0,554
"7307";"NGA";"HND";0,458;0,542
"7308";"NGA";"HRV";0,428;0,572
"7309";"NGA";"IRN";0,472;0,528
"7310";"NGA";"ITA";0,408;0,592
"7311";"NGA";"JPN";0,514;0,486
"7312";"NGA";"KOR";0,538;0,462
"7313";"NGA";"MEX";0,432;0,568
"7314";"NGA";"NGA";0,5;0,5
"7315";"NGA";"NLD";0,464;0,536
"7316";"NGA";"PRT";0,414;0,586
"7317";"NGA";"RUS";0,448;0,552
"7318";"NGA";"URY";0,418;0,582
"7319";"NGA";"USA";0,452;0,548
"7320";"NLD";"ARG";0,59;0,41
"7321";"NLD";"AUS";0,644;0,356
"7322";"NLD";"BEL";0,564;0,436
"7323";"NLD";"BIH";0,582;0,418
"7324";"NLD";"BRA";0,602;0,398
"7325";"NLD";"CHE";0,58;0,42
"7326";"NLD";"CHL";0,57;0,43
"7327";"NLD";"CIV";0,612;0,388
"7328";"NLD";"CMR";0,606;0,394
"7329";"NLD";"COL";0,556;0,444
"7330";"NLD";"CRI";0,636;0,364
"7331";"NLD";"DEU";0,546;0,454
"7332";"NLD";"DZA";0,624;0,376
"7333";"NLD";"ECU";0,63;0,37
"7334";"NLD";"ENG";0,58;0,42
"7335";"NLD";"ESP";0,584;0,416
"7336";"NLD";"FRA";0,576;0,424
"7337";"NLD";"GHA";0,608;0,392
"7338";"NLD";"GRC";0,566;0,434
"7339";"NLD";"HND";0,57;0,43
"7340";"NLD";"HRV";0,578;0,422
"7341";"NLD";"IRN";0,644;0,356
"7342";"NLD";"ITA";0,552;0,448
"7343";"NLD";"JPN";0,632;0,368
"7344";"NLD";"KOR";0,646;0,354
"7345";"NLD";"MEX";0,59;0,41
"7346";"NLD";"NGA";0,63;0,37
"7347";"NLD";"NLD";0,5;0,5
"7348";"NLD";"PRT";0,542;0,458
"7349";"NLD";"RUS";0,614;0,386
"7350";"NLD";"URY";0,568;0,432
"7351";"NLD";"USA";0,586;0,414
"7352";"PRT";"ARG";0,674;0,326
"7353";"PRT";"AUS";0,754;0,246
"7354";"PRT";"BEL";0,662;0,338
"7355";"PRT";"BIH";0,678;0,322
"7356";"PRT";"BRA";0,662;0,338
"7357";"PRT";"CHE";0,66;0,34
"7358";"PRT";"CHL";0,658;0,342
"7359";"PRT";"CIV";0,72;0,28
"7360";"PRT";"CMR";0,744;0,256
"7361";"PRT";"COL";0,64;0,36
"7362";"PRT";"CRI";0,744;0,256
"7363";"PRT";"DEU";0,622;0,378
"7364";"PRT";"DZA";0,736;0,264
"7365";"PRT";"ECU";0,704;0,296
"7366";"PRT";"ENG";0,67;0,33
"7367";"PRT";"ESP";0,646;0,354
"7368";"PRT";"FRA";0,648;0,352
"7369";"PRT";"GHA";0,7;0,3
"7370";"PRT";"GRC";0,66;0,34
"7371";"PRT";"HND";0,712;0,288
"7372";"PRT";"HRV";0,686;0,314
"7373";"PRT";"IRN";0,704;0,296
"7374";"PRT";"ITA";0,646;0,354
"7375";"PRT";"JPN";0,736;0,264
"7376";"PRT";"KOR";0,76;0,24
"7377";"PRT";"MEX";0,712;0,288
"7378";"PRT";"NGA";0,742;0,258
"7379";"PRT";"NLD";0,644;0,356
"7380";"PRT";"PRT";0,5;0,5
"7381";"PRT";"RUS";0,708;0,292
"7382";"PRT";"URY";0,676;0,324
"7383";"PRT";"USA";0,668;0,332
"7384";"RUS";"ARG";0,518;0,482
"7385";"RUS";"AUS";0,574;0,426
"7386";"RUS";"BEL";0,5;0,5
"7387";"RUS";"BIH";0,522;0,478
"7388";"RUS";"BRA";0,512;0,488
"7389";"RUS";"CHE";0,508;0,492
"7390";"RUS";"CHL";0,512;0,488
"7391";"RUS";"CIV";0,54;0,46
"7392";"RUS";"CMR";0,562;0,438
"7393";"RUS";"COL";0,488;0,512
"7394";"RUS";"CRI";0,562;0,438
"7395";"RUS";"DEU";0,454;0,546
"7396";"RUS";"DZA";0,542;0,458
"7397";"RUS";"ECU";0,578;0,422
"7398";"RUS";"ENG";0,514;0,486
"7399";"RUS";"ESP";0,494;0,506
"7400";"RUS";"FRA";0,492;0,508
"7401";"RUS";"GHA";0,538;0,462
"7402";"RUS";"GRC";0,49;0,51
"7403";"RUS";"HND";0,51;0,49
"7404";"RUS";"HRV";0,51;0,49
"7405";"RUS";"IRN";0,556;0,444
"7406";"RUS";"ITA";0,478;0,522
"7407";"RUS";"JPN";0,578;0,422
"7408";"RUS";"KOR";0,606;0,394
"7409";"RUS";"MEX";0,514;0,486
"7410";"RUS";"NGA";0,55;0,45
"7411";"RUS";"NLD";0,492;0,508
"7412";"RUS";"PRT";0,468;0,532
"7413";"RUS";"RUS";0,5;0,5
"7414";"RUS";"URY";0,492;0,508
"7415";"RUS";"USA";0,524;0,476
"7416";"URY";"ARG";0,558;0,442
"7417";"URY";"AUS";0,606;0,394
"7418";"URY";"BEL";0,546;0,454
"7419";"URY";"BIH";0,56;0,44
"7420";"URY";"BRA";0,558;0,442
"7421";"URY";"CHE";0,552;0,448
"7422";"URY";"CHL";0,556;0,444
"7423";"URY";"CIV";0,574;0,426
"7424";"URY";"CMR";0,592;0,408
"7425";"URY";"COL";0,532;0,468
"7426";"URY";"CRI";0,602;0,398
"7427";"URY";"DEU";0,506;0,494
"7428";"URY";"DZA";0,59;0,41
"7429";"URY";"ECU";0,616;0,384
"7430";"URY";"ENG";0,552;0,448
"7431";"URY";"ESP";0,548;0,452
"7432";"URY";"FRA";0,548;0,452
"7433";"URY";"GHA";0,586;0,414
"7434";"URY";"GRC";0,538;0,462
"7435";"URY";"HND";0,56;0,44
"7436";"URY";"HRV";0,548;0,452
"7437";"URY";"IRN";0,618;0,382
"7438";"URY";"ITA";0,528;0,472
"7439";"URY";"JPN";0,608;0,392
"7440";"URY";"KOR";0,628;0,372
"7441";"URY";"MEX";0,558;0,442
"7442";"URY";"NGA";0,604;0,396
"7443";"URY";"NLD";0,556;0,444
"7444";"URY";"PRT";0,502;0,498
"7445";"URY";"RUS";0,588;0,412
"7446";"URY";"URY";0,5;0,5
"7447";"URY";"USA";0,554;0,446
"7448";"USA";"ARG";0,598;0,402
"7449";"USA";"AUS";0,678;0,322
"7450";"USA";"BEL";0,592;0,408
"7451";"USA";"BIH";0,61;0,39
"7452";"USA";"BRA";0,612;0,388
"7453";"USA";"CHE";0,594;0,406
"7454";"USA";"CHL";0,604;0,396
"7455";"USA";"CIV";0,636;0,364
"7456";"USA";"CMR";0,676;0,324
"7457";"USA";"COL";0,574;0,426
"7458";"USA";"CRI";0,65;0,35
"7459";"USA";"DEU";0,566;0,434
"7460";"USA";"DZA";0,65;0,35
"7461";"USA";"ECU";0,64;0,36
"7462";"USA";"ENG";0,614;0,386
"7463";"USA";"ESP";0,6;0,4
"7464";"USA";"FRA";0,604;0,396
"7465";"USA";"GHA";0,628;0,372
"7466";"USA";"GRC";0,6;0,4
"7467";"USA";"HND";0,626;0,374
"7468";"USA";"HRV";0,604;0,396
"7469";"USA";"IRN";0,65;0,35
"7470";"USA";"ITA";0,574;0,426
"7471";"USA";"JPN";0,668;0,332
"7472";"USA";"KOR";0,676;0,324
"7473";"USA";"MEX";0,616;0,384
"7474";"USA";"NGA";0,666;0,334
"7475";"USA";"NLD";0,59;0,41
"7476";"USA";"PRT";0,572;0,428
"7477";"USA";"RUS";0,628;0,372
"7478";"USA";"URY";0,594;0,406
"7479";"USA";"USA";0,5;0,5
